2016-06-22 11:20:23,0.0,0.0,0.0
2016-06-22 11:20:25,0.0,0.0,0.0
2016-06-22 11:20:25,0.0,-0.0,0.3
2016-06-22 11:20:25,0.0,-0.0,0.7
2016-06-22 11:20:26,0.0,-0.0,1.0
2016-06-22 11:20:26,0.0,-0.0,1.0
2016-06-22 11:20:26,0.1,-0.0,1.0
2016-06-22 11:20:26,0.1,-0.0,1.0
2016-06-22 11:20:26,0.1,-0.0,1.0
2016-06-22 11:20:26,0.0,0.0,1.0
2016-06-22 11:20:26,0.1,-0.0,1.0
2016-06-22 11:20:26,0.1,-0.0,1.0
2016-06-22 11:20:26,0.1,-0.0,1.0
2016-06-22 11:20:26,0.1,-0.0,1.0
2016-06-22 11:20:27,0.1,-0.0,1.0
2016-06-22 11:20:27,0.0,-0.0,1.0
2016-06-22 11:20:27,0.0,-0.0,1.0
2016-06-22 11:20:27,0.0,-0.0,1.0
2016-06-22 11:20:27,0.0,-0.0,1.0
2016-06-22 11:20:27,0.1,-0.0,1.0
2016-06-22 11:20:27,0.0,-0.0,1.0
2016-06-22 11:20:27,0.0,0.0,1.0
2016-06-22 11:20:27,0.0,0.0,1.0
2016-06-22 11:20:27,0.1,-0.0,1.0
2016-06-22 11:20:28,0.1,-0.0,1.0
2016-06-22 11:20:28,0.0,-0.0,1.0
2016-06-22 11:20:28,0.0,-0.0,1.0
2016-06-22 11:20:28,0.0,-0.0,1.0
2016-06-22 11:20:28,0.0,0.0,1.0
2016-06-22 11:20:28,0.0,-0.0,1.0
2016-06-22 11:20:28,0.0,-0.0,1.0
2016-06-22 11:20:28,0.0,-0.0,1.0
2016-06-22 11:20:28,0.1,-0.0,1.0
2016-06-22 11:20:28,0.1,-0.0,1.0
2016-06-22 11:20:29,0.0,-0.0,1.0
2016-06-22 11:20:29,0.0,-0.0,1.0
2016-06-22 11:20:29,0.0,-0.0,1.0
2016-06-22 11:20:29,0.0,-0.0,1.0
2016-06-22 11:20:29,0.0,-0.0,1.0
2016-06-22 11:20:29,0.0,-0.0,1.0
2016-06-22 11:20:29,0.0,-0.0,1.0
2016-06-22 11:20:29,0.1,-0.0,1.0
2016-06-22 11:20:29,0.1,-0.0,1.0
2016-06-22 11:20:29,0.0,-0.0,1.0
2016-06-22 11:20:30,0.0,-0.0,1.0
2016-06-22 11:20:30,0.1,-0.0,1.0
2016-06-22 11:20:30,0.1,-0.0,1.0
2016-06-22 11:20:30,0.1,-0.0,1.0
2016-06-22 11:20:30,0.0,-0.0,1.0
2016-06-22 11:20:30,0.0,-0.0,1.0
2016-06-22 11:20:30,0.0,-0.0,1.0
2016-06-22 11:20:30,0.0,-0.0,1.0
2016-06-22 11:20:30,0.1,-0.0,1.0
2016-06-22 11:20:30,0.1,-0.0,1.0
2016-06-22 11:20:31,0.1,-0.0,1.0
2016-06-22 11:20:31,0.0,-0.0,1.0
2016-06-22 11:20:31,0.0,-0.0,1.0
2016-06-22 11:20:31,0.0,-0.0,1.0
2016-06-22 11:20:31,0.0,-0.0,1.0
2016-06-22 11:20:31,0.0,-0.0,1.0
2016-06-22 11:20:31,0.0,-0.0,1.0
2016-06-22 11:20:31,0.0,0.0,1.0
2016-06-22 11:20:31,0.1,0.0,1.0
2016-06-22 11:20:31,0.1,-0.0,1.0
2016-06-22 11:20:32,0.1,-0.0,1.0
2016-06-22 11:20:32,0.1,-0.0,1.0
2016-06-22 11:20:32,0.1,-0.0,1.0
2016-06-22 11:20:32,0.1,-0.0,1.0
2016-06-22 11:20:32,0.1,-0.0,1.0
2016-06-22 11:20:32,0.1,-0.1,1.0
2016-06-22 11:20:32,0.0,-0.1,1.0
2016-06-22 11:20:32,0.1,-0.0,1.2
2016-06-22 11:20:32,0.1,-0.1,1.5
2016-06-22 11:20:32,0.1,-0.1,1.4
2016-06-22 11:20:33,-0.1,-0.2,0.8
2016-06-22 11:20:33,-0.2,0.0,0.3
2016-06-22 11:20:33,-0.1,0.2,0.2
2016-06-22 11:20:33,-0.2,0.1,0.6
2016-06-22 11:20:33,-0.2,-0.0,0.8
2016-06-22 11:20:33,-0.2,-0.0,1.0
2016-06-22 11:20:33,-0.2,-0.0,1.1
2016-06-22 11:20:33,-0.1,-0.0,1.1
2016-06-22 11:20:33,-0.1,-0.1,1.0
2016-06-22 11:20:33,-0.0,-0.0,1.0
2016-06-22 11:20:34,0.0,-0.0,1.0
2016-06-22 11:20:34,0.0,-0.0,1.0
2016-06-22 11:20:34,0.0,0.0,1.0
2016-06-22 11:20:34,0.0,-0.0,1.0
2016-06-22 11:20:34,0.0,-0.0,1.0
2016-06-22 11:20:34,0.0,-0.0,1.0
2016-06-22 11:20:34,0.1,-0.0,1.0
2016-06-22 11:20:34,0.0,-0.0,1.0
2016-06-22 11:20:34,0.0,-0.0,1.0
2016-06-22 11:20:34,0.0,-0.0,1.0
2016-06-22 11:20:35,0.1,-0.0,1.0
2016-06-22 11:20:35,0.1,-0.0,1.0
2016-06-22 11:20:35,0.0,-0.0,1.0
2016-06-22 11:20:35,0.0,-0.0,1.0
2016-06-22 11:20:35,0.1,-0.0,1.0
2016-06-22 11:20:35,0.1,-0.0,1.0
2016-06-22 11:20:35,0.1,0.0,1.0
2016-06-22 11:20:35,0.1,0.0,1.0
2016-06-22 11:20:36,0.1,0.0,1.0
2016-06-22 11:20:36,-0.1,-0.1,1.1
2016-06-22 11:20:36,-0.1,-0.2,1.1
2016-06-22 11:20:36,-0.2,-0.2,1.0
2016-06-22 11:20:36,-0.1,-0.0,0.5
2016-06-22 11:20:36,-0.1,0.1,0.2
2016-06-22 11:20:36,-0.1,0.0,0.3
2016-06-22 11:20:36,0.0,-0.0,0.8
2016-06-22 11:20:36,0.2,0.1,1.4
2016-06-22 11:20:37,0.2,0.2,1.7
2016-06-22 11:20:37,0.1,0.2,1.5
2016-06-22 11:20:37,0.1,0.0,1.6
2016-06-22 11:20:37,0.2,-0.1,1.4
2016-06-22 11:20:37,0.2,-0.1,1.3
2016-06-22 11:20:37,0.0,0.0,1.0
2016-06-22 11:20:37,0.0,-0.0,1.0
2016-06-22 11:20:37,0.0,0.0,1.0
2016-06-22 11:20:37,0.0,0.0,1.0
2016-06-22 11:20:37,0.0,0.1,1.0
2016-06-22 11:20:38,0.0,0.0,1.0
2016-06-22 11:20:38,0.0,0.0,1.0
2016-06-22 11:20:38,0.0,0.0,1.0
2016-06-22 11:20:38,0.0,0.0,1.0
2016-06-22 11:20:38,0.0,0.0,1.0
2016-06-22 11:20:38,0.0,0.0,1.0
2016-06-22 11:20:38,0.1,-0.1,1.0
2016-06-22 11:20:38,0.0,0.0,1.5
2016-06-22 11:20:38,-0.0,0.0,1.8
2016-06-22 11:20:38,-0.2,-0.1,1.1
2016-06-22 11:20:39,-0.3,-0.3,0.1
2016-06-22 11:20:39,-0.3,-0.3,-0.1
2016-06-22 11:20:39,-0.2,0.0,0.7
2016-06-22 11:20:39,-0.1,0.2,1.4
2016-06-22 11:20:39,-0.1,0.3,1.4
2016-06-22 11:20:39,-0.0,0.4,1.4
2016-06-22 11:20:39,0.0,0.3,1.2
2016-06-22 11:20:39,0.1,0.3,1.1
2016-06-22 11:20:39,0.0,0.0,1.0
2016-06-22 11:20:39,0.1,0.0,1.0
2016-06-22 11:20:40,0.0,0.0,1.0
2016-06-22 11:20:40,0.0,-0.0,1.0
2016-06-22 11:20:40,0.0,-0.0,1.0
2016-06-22 11:20:40,0.0,-0.0,1.0
2016-06-22 11:20:40,0.0,0.0,1.0
2016-06-22 11:20:40,0.0,0.0,1.0
2016-06-22 11:20:40,0.0,0.0,1.0
2016-06-22 11:20:40,0.0,-0.0,1.0
2016-06-22 11:20:40,0.0,-0.0,1.0
2016-06-22 11:20:40,-0.0,-0.1,1.0
2016-06-22 11:20:41,0.0,-0.1,0.9
2016-06-22 11:20:41,0.1,-0.2,0.9
2016-06-22 11:20:41,0.2,-0.1,0.9
2016-06-22 11:20:41,0.3,-0.0,1.0
2016-06-22 11:20:41,0.4,0.1,1.1
2016-06-22 11:20:41,0.4,0.1,1.1
2016-06-22 11:20:41,0.3,-0.1,1.0
2016-06-22 11:20:41,0.2,-0.2,1.0
2016-06-22 11:20:41,0.1,-0.3,1.0
2016-06-22 11:20:41,0.1,-0.1,1.0
2016-06-22 11:20:42,0.1,0.0,0.9
2016-06-22 11:20:42,0.2,0.0,0.9
2016-06-22 11:20:42,0.1,-0.1,0.7
2016-06-22 11:20:42,0.2,-0.2,0.9
2016-06-22 11:20:42,0.2,-0.1,1.0
2016-06-22 11:20:42,0.3,-0.0,1.1
2016-06-22 11:20:42,0.3,0.0,1.0
2016-06-22 11:20:42,0.3,0.0,0.9
2016-06-22 11:20:42,0.3,0.0,0.9
2016-06-22 11:20:42,0.3,0.0,0.9
2016-06-22 11:20:43,0.4,-0.1,1.0
2016-06-22 11:20:43,0.4,-0.1,1.0
2016-06-22 11:20:43,0.4,-0.1,1.1
2016-06-22 11:20:43,0.3,0.0,1.0
2016-06-22 11:20:43,0.2,0.1,1.0
2016-06-22 11:20:43,0.2,0.0,0.9
2016-06-22 11:20:43,0.2,-0.0,0.9
2016-06-22 11:20:43,0.2,-0.1,0.9
2016-06-22 11:20:43,0.2,-0.1,1.0
2016-06-22 11:20:43,0.2,-0.0,1.0
2016-06-22 11:20:44,0.2,0.1,1.1
2016-06-22 11:20:44,0.1,0.1,1.0
2016-06-22 11:20:44,0.1,0.0,1.1
2016-06-22 11:20:44,0.1,-0.0,1.0
2016-06-22 11:20:44,0.0,-0.1,1.0
2016-06-22 11:20:44,-0.0,-0.0,1.0
2016-06-22 11:20:44,-0.0,0.0,1.0
2016-06-22 11:20:44,-0.0,0.1,1.0
2016-06-22 11:20:44,-0.0,0.1,1.1
2016-06-22 11:20:44,-0.0,0.0,1.2
2016-06-22 11:20:45,-0.1,-0.0,1.1
2016-06-22 11:20:45,-0.1,-0.1,1.1
2016-06-22 11:20:45,-0.0,-0.1,1.0
2016-06-22 11:20:45,0.0,-0.1,1.0
2016-06-22 11:20:45,0.1,-0.0,0.9
2016-06-22 11:20:45,0.1,-0.0,1.0
2016-06-22 11:20:45,0.1,0.0,1.0
2016-06-22 11:20:45,0.1,0.0,1.0
2016-06-22 11:20:45,0.1,0.0,1.0
2016-06-22 11:20:45,0.1,0.1,1.0
2016-06-22 11:20:46,0.1,0.1,1.0
2016-06-22 11:20:47,0.1,0.1,1.0
2016-06-22 11:20:47,0.0,0.1,1.0
2016-06-22 11:20:47,-0.0,0.0,1.0
2016-06-22 11:20:47,-0.1,0.0,1.0
2016-06-22 11:20:47,-0.1,-0.0,0.9
2016-06-22 11:20:48,-0.1,-0.0,1.0
2016-06-22 11:20:48,-0.1,-0.0,1.0
2016-06-22 11:20:48,-0.1,0.0,1.0
2016-06-22 11:20:48,-0.1,0.0,1.0
2016-06-22 11:20:48,-0.1,0.0,1.0
2016-06-22 11:20:48,-0.1,-0.0,1.0
2016-06-22 11:20:48,-0.0,-0.0,1.0
2016-06-22 11:20:48,-0.0,-0.0,1.0
2016-06-22 11:20:48,-0.1,-0.0,1.0
2016-06-22 11:20:48,-0.1,-0.0,1.0
2016-06-22 11:20:49,-0.1,-0.0,1.0
2016-06-22 11:20:49,-0.1,-0.0,1.0
2016-06-22 11:20:49,-0.1,-0.0,1.0
2016-06-22 11:20:49,-0.1,-0.1,1.0
2016-06-22 11:20:49,-0.1,-0.1,1.0
2016-06-22 11:20:49,-0.1,-0.1,1.0
2016-06-22 11:20:49,-0.1,-0.0,1.0
2016-06-22 11:20:49,-0.1,-0.0,1.0
2016-06-22 11:20:49,-0.1,-0.0,1.0
2016-06-22 11:20:49,-0.1,-0.0,1.0
2016-06-22 11:20:50,-0.1,-0.1,1.0
2016-06-22 11:20:50,-0.1,-0.0,1.0
2016-06-22 11:20:50,-0.1,-0.1,1.0
2016-06-22 11:20:50,-0.1,-0.0,1.0
2016-06-22 11:20:50,-0.1,-0.0,1.0
2016-06-22 11:20:50,-0.1,-0.0,1.0
2016-06-22 11:20:50,-0.1,-0.0,1.0
2016-06-22 11:20:50,-0.1,-0.0,1.0
2016-06-22 11:20:50,-0.0,-0.0,1.0
2016-06-22 11:20:50,-0.0,-0.0,1.0
2016-06-22 11:20:51,-0.0,-0.0,1.0
2016-06-22 11:20:51,-0.1,-0.0,1.0
2016-06-22 11:20:51,-0.1,-0.0,1.0
2016-06-22 11:20:51,-0.1,-0.0,1.0
2016-06-22 11:20:51,-0.1,-0.0,1.0
2016-06-22 11:20:51,-0.1,-0.0,1.0
2016-06-22 11:20:51,-0.1,-0.0,1.0
2016-06-22 11:20:51,-0.1,-0.0,1.0
2016-06-22 11:20:51,-0.1,-0.1,1.0
2016-06-22 11:20:51,-0.1,-0.1,1.0
2016-06-22 11:20:52,-0.1,-0.0,1.0
2016-06-22 11:20:52,-0.1,-0.0,1.0
2016-06-22 11:20:52,-0.1,-0.1,1.0
2016-06-22 11:20:52,-0.0,-0.1,1.0
2016-06-22 11:20:52,-0.1,-0.1,1.0
2016-06-22 11:20:52,-0.1,-0.1,1.0
2016-06-22 11:20:52,-0.1,-0.1,1.0
2016-06-22 11:20:52,-0.1,-0.1,1.0
2016-06-22 11:20:52,-0.1,-0.1,1.0
2016-06-22 11:20:52,-0.1,-0.1,1.0
2016-06-22 11:20:53,-0.0,-0.1,1.0
2016-06-22 11:20:53,-0.0,-0.1,1.0
2016-06-22 11:20:53,-0.1,-0.1,1.0
2016-06-22 11:20:53,-0.1,-0.1,1.0
2016-06-22 11:20:53,-0.1,-0.0,1.0
2016-06-22 11:20:53,-0.0,-0.0,1.0
2016-06-22 11:20:53,-0.1,-0.0,1.0
2016-06-22 11:20:53,-0.0,-0.1,1.0
2016-06-22 11:20:53,-0.1,-0.1,1.0
2016-06-22 11:20:53,-0.0,-0.1,1.0
2016-06-22 11:20:54,-0.1,-0.1,1.0
2016-06-22 11:20:54,-0.1,-0.1,1.0
2016-06-22 11:20:54,-0.0,-0.1,1.0
2016-06-22 11:20:54,-0.0,-0.1,1.0
2016-06-22 11:20:54,-0.0,-0.1,1.0
2016-06-22 11:20:54,-0.1,-0.1,1.0
2016-06-22 11:20:54,-0.1,-0.1,1.0
2016-06-22 11:20:54,-0.1,-0.1,1.0
2016-06-22 11:20:54,-0.0,-0.1,1.0
2016-06-22 11:20:54,-0.0,-0.1,1.0
2016-06-22 11:20:55,-0.1,-0.1,1.0
2016-06-22 11:20:55,-0.1,-0.1,1.0
2016-06-22 11:20:55,-0.0,-0.1,1.0
2016-06-22 11:20:55,-0.0,-0.1,1.0
2016-06-22 11:20:55,-0.0,-0.1,1.0
2016-06-22 11:20:55,-0.1,-0.1,1.0
2016-06-22 11:20:55,-0.1,-0.0,1.0
2016-06-22 11:20:55,-0.0,-0.0,1.0
2016-06-22 11:20:55,-0.1,-0.0,1.0
2016-06-22 11:20:55,-0.1,-0.0,1.0
2016-06-22 11:20:56,-0.1,-0.0,1.0
2016-06-22 11:20:56,-0.1,-0.0,1.0
2016-06-22 11:20:56,0.0,-0.0,1.0
2016-06-22 11:20:56,0.0,-0.0,1.0
2016-06-22 11:20:56,0.0,-0.0,1.0
2016-06-22 11:20:56,-0.0,-0.1,1.0
2016-06-22 11:20:56,-0.0,-0.1,1.0
2016-06-22 11:20:56,-0.0,-0.1,1.0
2016-06-22 11:20:56,0.0,-0.1,1.0
2016-06-22 11:20:56,-0.0,-0.1,1.0
2016-06-22 11:20:57,-0.0,-0.1,1.0
2016-06-22 11:20:57,-0.0,-0.1,1.0
2016-06-22 11:20:57,0.0,-0.1,1.0
2016-06-22 11:20:57,0.0,-0.1,1.0
2016-06-22 11:20:57,-0.0,-0.1,1.0
2016-06-22 11:21:04,-0.0,-0.1,1.0
2016-06-22 11:21:04,-0.0,-0.1,1.0
2016-06-22 11:21:04,-0.0,-0.1,1.0
2016-06-22 11:21:04,-0.0,-0.1,1.0
2016-06-22 11:21:04,-0.0,-0.1,1.0
2016-06-22 11:21:04,-0.0,-0.1,1.0
2016-06-22 11:21:04,0.0,-0.1,0.9
2016-06-22 11:21:04,0.0,-0.1,1.0
2016-06-22 11:21:04,0.0,-0.1,0.9
2016-06-22 11:21:04,0.0,-0.2,1.0
2016-06-22 11:21:04,0.0,-0.2,0.9
2016-06-22 11:21:05,0.0,-0.2,1.0
2016-06-22 11:21:05,0.0,-0.2,0.9
2016-06-22 11:21:05,-0.0,-0.2,1.0
2016-06-22 11:21:05,-0.0,-0.2,1.0
2016-06-22 11:21:05,-0.0,-0.2,1.1
2016-06-22 11:21:05,-0.0,-0.2,1.1
2016-06-22 11:21:05,-0.1,-0.3,1.1
2016-06-22 11:21:05,-0.1,-0.3,1.0
2016-06-22 11:21:05,-0.1,-0.2,0.9
2016-06-22 11:21:05,-0.0,-0.2,0.9
2016-06-22 11:21:06,0.0,-0.1,0.9
2016-06-22 11:21:06,-0.0,-0.0,0.9
2016-06-22 11:21:06,-0.0,0.0,0.9
2016-06-22 11:21:06,-0.1,0.0,1.0
2016-06-22 11:21:06,-0.1,0.1,1.0
2016-06-22 11:21:06,-0.1,0.1,1.0
2016-06-22 11:21:06,-0.1,0.1,1.0
2016-06-22 11:21:06,-0.3,0.1,1.1
2016-06-22 11:21:06,-0.6,0.2,1.5
2016-06-22 11:21:06,-0.8,0.4,1.4
2016-06-22 11:21:07,-0.7,0.5,1.0
2016-06-22 11:21:07,-0.5,0.5,0.6
2016-06-22 11:21:07,-0.4,0.4,0.7
2016-06-22 11:21:07,-0.5,0.3,0.9
2016-06-22 11:21:07,-0.5,0.4,0.9
2016-06-22 11:21:07,-0.6,0.4,0.7
2016-06-22 11:21:07,-0.6,0.5,0.6
2016-06-22 11:21:07,-0.6,0.5,0.6
2016-06-22 11:21:07,-0.7,0.5,0.7
2016-06-22 11:21:07,-0.6,0.5,0.7
2016-06-22 11:21:08,-0.5,0.4,0.7
2016-06-22 11:21:08,-0.4,0.4,0.7
2016-06-22 11:21:08,-0.4,0.4,0.7
2016-06-22 11:21:08,-0.4,0.4,0.7
2016-06-22 11:21:08,-0.4,0.4,0.6
2016-06-22 11:21:08,-0.4,0.5,0.6
2016-06-22 11:21:08,-0.4,0.5,0.6
2016-06-22 11:21:08,-0.4,0.5,0.7
2016-06-22 11:21:08,-0.4,0.5,0.7
2016-06-22 11:21:08,-0.4,0.5,0.7
2016-06-22 11:21:09,-0.4,0.6,0.8
2016-06-22 11:21:09,-0.5,0.6,0.8
2016-06-22 11:21:09,-0.5,0.5,0.7
2016-06-22 11:21:09,-0.4,0.5,0.7
2016-06-22 11:21:09,-0.4,0.5,0.7
2016-06-22 11:21:09,-0.4,0.5,0.7
2016-06-22 11:21:09,-0.4,0.5,0.7
2016-06-22 11:21:09,-0.4,0.5,0.7
2016-06-22 11:21:09,-0.4,0.5,0.7
2016-06-22 11:21:09,-0.4,0.5,0.7
2016-06-22 11:21:10,-0.4,0.5,0.7
2016-06-22 11:21:10,-0.4,0.5,0.8
2016-06-22 11:21:10,-0.4,0.5,0.7
2016-06-22 11:21:10,-0.4,0.5,0.8
2016-06-22 11:21:10,-0.4,0.5,0.8
2016-06-22 11:21:10,-0.4,0.5,0.8
2016-06-22 11:21:10,-0.4,0.5,0.8
2016-06-22 11:21:10,-0.4,0.5,0.7
2016-06-22 11:21:10,-0.4,0.5,0.8
2016-06-22 11:21:10,-0.4,0.5,0.7
2016-06-22 11:21:11,-0.4,0.5,0.8
2016-06-22 11:21:11,-0.4,0.5,0.7
2016-06-22 11:21:11,-0.5,0.5,0.7
2016-06-22 11:21:11,-0.4,0.5,0.7
2016-06-22 11:21:11,-0.4,0.6,0.7
2016-06-22 11:21:11,-0.4,0.6,0.7
2016-06-22 11:21:11,-0.4,0.6,0.7
2016-06-22 11:21:11,-0.4,0.6,0.7
2016-06-22 11:21:11,-0.4,0.6,0.7
2016-06-22 11:21:11,-0.4,0.7,0.6
2016-06-22 11:21:12,-0.4,0.7,0.6
2016-06-22 11:21:12,-0.4,0.7,0.6
2016-06-22 11:21:12,-0.5,0.7,0.7
2016-06-22 11:21:12,-0.5,0.7,0.7
2016-06-22 11:21:12,-0.4,0.6,0.7
2016-06-22 11:21:12,-0.4,0.6,0.7
2016-06-22 11:21:12,-0.3,0.6,0.8
2016-06-22 11:21:12,-0.4,0.4,0.9
2016-06-22 11:21:12,-0.4,0.5,0.8
2016-06-22 11:21:12,-0.3,0.5,0.7
2016-06-22 11:21:13,-0.1,0.7,0.8
2016-06-22 11:21:13,0.0,0.6,0.9
2016-06-22 11:21:13,0.1,0.4,0.9
2016-06-22 11:21:13,0.2,0.2,0.8
2016-06-22 11:21:13,0.2,0.2,0.8
2016-06-22 11:21:13,0.1,0.2,1.0
2016-06-22 11:21:13,0.0,0.2,1.1
2016-06-22 11:21:13,-0.1,0.2,1.0
2016-06-22 11:21:13,-0.1,0.2,0.9
2016-06-22 11:21:14,-0.1,0.1,0.8
2016-06-22 11:21:14,-0.1,-0.1,0.8
2016-06-22 11:21:14,-0.1,-0.2,0.8
2016-06-22 11:21:14,-0.0,-0.3,1.0
2016-06-22 11:21:14,0.1,-0.3,1.1
2016-06-22 11:21:14,0.1,-0.3,1.2
2016-06-22 11:21:14,0.0,-0.3,1.1
2016-06-22 11:21:14,0.0,-0.4,1.0
2016-06-22 11:21:15,0.0,-0.4,0.9
2016-06-22 11:21:15,0.1,-0.4,0.9
2016-06-22 11:21:15,0.0,-0.3,0.9
2016-06-22 11:21:15,-0.1,-0.3,0.9
2016-06-22 11:21:15,-0.2,-0.3,1.0
2016-06-22 11:21:15,-0.4,-0.2,0.9
2016-06-22 11:21:15,-0.5,-0.1,0.8
2016-06-22 11:21:15,-0.5,0.1,0.8
2016-06-22 11:21:15,-0.4,0.1,0.9
2016-06-22 11:21:15,-0.4,0.2,1.1
2016-06-22 11:21:16,-0.3,0.1,1.1
2016-06-22 11:21:16,-0.3,0.2,1.1
2016-06-22 11:21:16,-0.2,0.0,1.1
2016-06-22 11:21:16,-0.1,-0.0,0.9
2016-06-22 11:21:16,-0.2,-0.1,0.9
2016-06-22 11:21:16,-0.2,0.0,0.8
2016-06-22 11:21:16,-0.2,-0.0,0.9
2016-06-22 11:21:16,-0.2,0.1,1.0
2016-06-22 11:21:16,-0.2,0.1,1.0
2016-06-22 11:21:16,-0.2,0.0,1.1
2016-06-22 11:21:17,-0.3,-0.0,0.8
2016-06-22 11:21:17,-0.4,-0.1,1.0
2016-06-22 11:21:17,-0.4,-0.1,0.9
2016-06-22 11:21:17,-0.3,-0.1,1.0
2016-06-22 11:21:17,-0.2,-0.0,0.9
2016-06-22 11:21:17,-0.1,0.0,1.0
2016-06-22 11:21:17,-0.2,0.0,1.3
2016-06-22 11:21:17,-0.1,0.1,1.2
2016-06-22 11:21:17,-0.1,0.1,1.1
2016-06-22 11:21:17,-0.1,0.1,0.8
2016-06-22 11:21:18,-0.2,0.1,0.7
2016-06-22 11:21:18,-0.4,0.0,0.8
2016-06-22 11:21:18,-0.4,0.1,1.0
2016-06-22 11:21:18,-0.4,0.2,1.1
2016-06-22 11:21:18,-0.3,0.2,1.0
2016-06-22 11:21:18,-0.3,0.1,0.8
2016-06-22 11:21:18,-0.3,0.0,0.7
2016-06-22 11:21:18,-0.3,0.2,0.9
2016-06-22 11:21:18,0.1,0.6,0.8
2016-06-22 11:21:18,0.2,0.9,0.8
2016-06-22 11:21:19,0.2,0.8,0.7
2016-06-22 11:21:19,0.0,0.4,1.0
2016-06-22 11:21:19,0.1,-0.3,1.0
2016-06-22 11:21:19,0.6,-0.5,1.2
2016-06-22 11:21:19,0.9,-0.5,1.0
2016-06-22 11:21:19,1.0,-0.2,0.9
2016-06-22 11:21:19,0.9,-0.2,0.6
2016-06-22 11:21:19,0.9,-0.2,0.7
2016-06-22 11:21:19,1.0,-0.2,0.7
2016-06-22 11:21:19,1.1,-0.1,0.8
2016-06-22 11:21:20,0.9,-0.1,0.8
2016-06-22 11:21:20,0.8,-0.0,0.8
2016-06-22 11:21:20,0.8,0.1,0.8
2016-06-22 11:21:20,0.9,0.3,0.5
2016-06-22 11:21:20,0.8,0.6,0.2
2016-06-22 11:21:20,0.7,0.7,0.0
2016-06-22 11:21:20,0.7,0.7,0.0
2016-06-22 11:21:20,0.6,0.7,-0.0
2016-06-22 11:21:20,0.5,0.8,0.0
2016-06-22 11:21:20,0.5,0.9,0.1
2016-06-22 11:21:21,0.5,0.9,0.1
2016-06-22 11:21:21,0.6,0.9,0.2
2016-06-22 11:21:21,0.6,0.9,0.2
2016-06-22 11:21:21,0.6,0.8,0.2
2016-06-22 11:21:21,0.6,0.8,0.3
2016-06-22 11:21:21,0.7,0.7,0.5
2016-06-22 11:21:21,0.7,0.7,0.5
2016-06-22 11:21:21,0.7,0.6,0.5
2016-06-22 11:21:21,0.7,0.5,0.4
2016-06-22 11:21:21,0.8,0.6,0.4
2016-06-22 11:21:22,0.7,0.6,0.4
2016-06-22 11:21:22,0.8,0.7,0.4
2016-06-22 11:21:22,0.7,0.7,0.4
2016-06-22 11:21:22,0.6,0.7,0.4
2016-06-22 11:21:22,0.6,0.7,0.4
2016-06-22 11:21:22,0.6,0.7,0.3
2016-06-22 11:21:22,0.6,0.8,0.2
2016-06-22 11:21:22,0.6,0.7,0.2
2016-06-22 11:21:22,0.6,0.7,0.2
2016-06-22 11:21:22,0.7,0.8,0.3
2016-06-22 11:21:23,0.8,0.7,0.3
2016-06-22 11:21:23,0.8,0.7,0.3
2016-06-22 11:21:23,0.7,0.6,0.1
2016-06-22 11:21:23,0.7,0.6,0.1
2016-06-22 11:21:23,0.7,0.7,0.1
2016-06-22 11:21:23,0.7,0.7,0.1
2016-06-22 11:21:23,0.7,0.7,0.1
2016-06-22 11:21:23,0.7,0.7,0.1
2016-06-22 11:21:23,0.7,0.7,0.0
2016-06-22 11:21:23,0.8,0.7,-0.1
2016-06-22 11:21:24,0.9,0.7,-0.1
2016-06-22 11:21:24,0.9,0.7,-0.1
2016-06-22 11:21:24,0.8,0.6,-0.1
2016-06-22 11:21:24,0.8,0.6,-0.1
2016-06-22 11:21:24,0.7,0.6,0.1
2016-06-22 11:21:24,0.7,0.5,-0.1
2016-06-22 11:21:24,0.9,0.4,-0.3
2016-06-22 11:21:25,1.1,0.6,-0.6
2016-06-22 11:21:25,1.1,0.7,-0.5
2016-06-22 11:21:25,0.8,0.8,-0.2
2016-06-22 11:21:25,0.6,0.7,-0.2
2016-06-22 11:21:25,0.6,0.7,-0.2
2016-06-22 11:21:25,0.6,0.7,-0.5
2016-06-22 11:21:25,0.6,0.8,-0.5
2016-06-22 11:21:25,0.5,0.7,-0.4
2016-06-22 11:21:25,0.4,0.8,-0.3
2016-06-22 11:21:25,0.3,0.8,-0.3
2016-06-22 11:21:26,0.4,0.8,-0.3
2016-06-22 11:21:26,0.5,0.8,-0.3
2016-06-22 11:21:26,0.5,0.8,-0.4
2016-06-22 11:21:26,0.5,0.8,-0.5
2016-06-22 11:21:26,0.5,0.8,-0.5
2016-06-22 11:21:26,0.5,0.8,-0.5
2016-06-22 11:21:26,0.6,0.8,-0.4
2016-06-22 11:21:26,0.6,0.8,-0.3
2016-06-22 11:21:26,0.6,0.8,-0.3
2016-06-22 11:21:26,0.6,0.8,-0.4
2016-06-22 11:21:27,0.5,0.9,-0.4
2016-06-22 11:21:27,0.4,0.9,-0.3
2016-06-22 11:21:27,0.4,0.9,-0.3
2016-06-22 11:21:27,0.4,0.9,-0.3
2016-06-22 11:21:27,0.4,0.9,-0.3
2016-06-22 11:21:27,0.4,0.9,-0.3
2016-06-22 11:21:27,0.4,0.9,-0.3
2016-06-22 11:21:27,0.4,0.9,-0.3
2016-06-22 11:21:27,0.5,0.9,-0.4
2016-06-22 11:21:27,0.5,0.9,-0.4
2016-06-22 11:21:28,0.4,0.8,-0.3
2016-06-22 11:21:28,0.4,0.8,-0.3
2016-06-22 11:21:28,0.4,0.6,-0.4
2016-06-22 11:21:28,0.5,0.6,-0.5
2016-06-22 11:21:28,0.5,0.7,-0.5
2016-06-22 11:21:28,0.5,0.8,-0.5
2016-06-22 11:21:28,0.6,0.8,-0.4
2016-06-22 11:21:28,0.6,0.7,-0.5
2016-06-22 11:21:28,0.5,0.6,-0.5
2016-06-22 11:21:28,0.6,0.7,-0.5
2016-06-22 11:21:29,0.5,0.7,-0.6
2016-06-22 11:21:29,0.6,0.7,-0.6
2016-06-22 11:21:29,0.5,0.6,-0.6
2016-06-22 11:21:29,0.5,0.6,-0.5
2016-06-22 11:21:29,0.5,0.6,-0.5
2016-06-22 11:21:29,0.6,0.7,-0.6
2016-06-22 11:21:29,0.6,0.7,-0.5
2016-06-22 11:21:29,0.5,0.6,-0.5
2016-06-22 11:21:29,0.5,0.6,-0.5
2016-06-22 11:21:29,0.6,0.7,-0.6
2016-06-22 11:21:30,0.6,0.8,-0.7
2016-06-22 11:21:30,0.6,0.8,-0.6
2016-06-22 11:21:30,0.6,0.8,-0.4
2016-06-22 11:21:30,0.5,0.8,-0.4
2016-06-22 11:21:30,0.5,0.9,-0.3
2016-06-22 11:21:30,0.5,0.9,-0.3
2016-06-22 11:21:30,0.4,0.9,-0.4
2016-06-22 11:21:30,0.4,0.9,-0.3
2016-06-22 11:21:30,0.4,0.8,-0.3
2016-06-22 11:21:30,0.4,0.9,-0.2
2016-06-22 11:21:31,0.4,0.9,-0.2
2016-06-22 11:21:31,0.4,0.9,-0.1
2016-06-22 11:21:31,0.3,0.9,-0.1
2016-06-22 11:21:31,0.3,1.0,-0.1
2016-06-22 11:21:31,0.3,1.0,-0.1
2016-06-22 11:21:31,0.4,1.1,-0.1
2016-06-22 11:21:31,0.4,1.0,0.0
2016-06-22 11:21:31,0.5,1.0,0.0
2016-06-22 11:21:31,0.3,0.9,0.1
2016-06-22 11:21:31,0.3,1.0,-0.1
2016-06-22 11:21:32,0.2,0.9,-0.1
2016-06-22 11:21:32,0.3,1.0,-0.2
2016-06-22 11:21:32,0.3,1.0,-0.3
2016-06-22 11:21:32,0.2,0.9,-0.3
2016-06-22 11:21:32,0.2,0.8,-0.4
2016-06-22 11:21:32,0.3,0.8,-0.5
2016-06-22 11:21:32,0.3,0.8,-0.6
2016-06-22 11:21:32,0.3,0.8,-0.6
2016-06-22 11:21:32,0.3,0.8,-0.5
2016-06-22 11:21:32,0.3,0.7,-0.5
2016-06-22 11:21:33,0.3,0.7,-0.5
2016-06-22 11:21:33,0.3,0.7,-0.6
2016-06-22 11:21:33,0.3,0.7,-0.6
2016-06-22 11:21:33,0.3,0.7,-0.5
2016-06-22 11:21:33,0.3,0.7,-0.5
2016-06-22 11:21:33,0.2,0.8,-0.5
2016-06-22 11:21:33,0.3,0.8,-0.6
2016-06-22 11:21:33,0.4,0.6,-0.4
2016-06-22 11:21:33,0.7,1.2,-0.7
2016-06-22 11:21:33,0.7,1.2,-0.5
2016-06-22 11:21:34,0.7,1.5,-0.6
2016-06-22 11:21:34,0.3,0.9,-0.3
2016-06-22 11:21:34,0.1,0.9,-0.2
2016-06-22 11:21:34,-0.2,0.8,-0.1
2016-06-22 11:21:34,-0.4,0.7,-0.0
2016-06-22 11:21:35,-0.4,0.8,0.1
2016-06-22 11:21:35,-0.3,0.8,0.3
2016-06-22 11:21:35,-0.3,0.8,0.4
2016-06-22 11:21:35,-0.2,0.8,0.5
2016-06-22 11:21:35,-0.1,0.9,0.5
2016-06-22 11:21:35,0.0,0.9,0.6
2016-06-22 11:21:35,0.3,0.8,0.4
2016-06-22 11:21:35,0.5,0.8,0.2
2016-06-22 11:21:35,0.5,0.8,0.0
2016-06-22 11:21:35,0.6,0.7,0.2
2016-06-22 11:21:35,0.7,0.5,0.5
2016-06-22 11:21:36,0.8,0.4,0.6
2016-06-22 11:21:36,0.8,0.2,0.4
2016-06-22 11:21:36,0.9,0.1,0.3
2016-06-22 11:21:36,1.1,-0.1,0.2
2016-06-22 11:21:36,1.2,-0.1,0.3
2016-06-22 11:21:36,1.0,-0.0,0.7
2016-06-22 11:21:36,0.8,0.1,0.9
2016-06-22 11:21:36,0.8,0.2,1.0
2016-06-22 11:21:36,0.9,0.1,0.6
2016-06-22 11:21:36,1.0,-0.0,0.6
2016-06-22 11:21:37,1.0,-0.1,0.7
2016-06-22 11:21:37,0.9,0.1,0.7
2016-06-22 11:21:37,0.8,0.4,0.2
2016-06-22 11:21:37,0.6,0.6,-0.1
2016-06-22 11:21:37,0.5,0.7,-0.5
2016-06-22 11:21:37,0.3,0.7,-0.6
2016-06-22 11:21:37,0.4,0.8,-0.6
2016-06-22 11:21:37,0.3,0.8,-0.7
2016-06-22 11:21:37,0.3,0.7,-0.6
2016-06-22 11:21:37,0.3,0.7,-0.7
2016-06-22 11:21:38,0.3,0.7,-0.6
2016-06-22 11:21:38,0.4,0.8,-0.6
2016-06-22 11:21:38,0.4,0.9,-0.5
2016-06-22 11:21:38,0.3,0.8,-0.4
2016-06-22 11:21:38,0.4,0.9,-0.5
2016-06-22 11:21:38,0.5,0.8,-0.6
2016-06-22 11:21:38,0.6,0.9,-0.5
2016-06-22 11:21:38,0.4,0.8,-0.4
2016-06-22 11:21:38,0.4,0.7,-0.4
2016-06-22 11:21:38,0.4,0.7,-0.4
2016-06-22 11:21:39,0.5,0.8,-0.5
2016-06-22 11:21:39,0.5,0.8,-0.6
2016-06-22 11:21:39,0.5,0.8,-0.6
2016-06-22 11:21:39,0.4,0.7,-0.5
2016-06-22 11:21:39,0.5,0.8,-0.5
2016-06-22 11:21:39,0.4,0.7,-0.5
2016-06-22 11:21:39,0.4,0.7,-0.6
2016-06-22 11:21:39,0.4,0.6,-0.7
2016-06-22 11:21:39,0.4,0.6,-0.8
2016-06-22 11:21:39,0.4,0.5,-0.9
2016-06-22 11:21:40,0.4,0.4,-0.9
2016-06-22 11:21:40,0.4,0.4,-0.9
2016-06-22 11:21:40,0.5,0.4,-0.9
2016-06-22 11:21:40,0.5,0.5,-0.8
2016-06-22 11:21:40,0.4,0.6,-0.5
2016-06-22 11:21:40,0.4,0.8,-0.4
2016-06-22 11:21:40,0.4,0.8,-0.2
2016-06-22 11:21:40,0.5,0.9,-0.2
2016-06-22 11:21:40,0.4,0.9,-0.2
2016-06-22 11:21:40,0.3,0.9,-0.2
2016-06-22 11:21:41,0.2,0.9,-0.1
2016-06-22 11:21:41,0.2,1.0,-0.0
2016-06-22 11:21:41,0.2,0.9,0.0
2016-06-22 11:21:41,0.2,1.0,-0.0
2016-06-22 11:21:41,0.3,1.0,-0.0
2016-06-22 11:21:41,0.3,1.0,-0.0
2016-06-22 11:21:41,0.4,1.0,-0.1
2016-06-22 11:21:41,0.4,0.9,-0.0
2016-06-22 11:21:41,0.3,0.9,-0.0
2016-06-22 11:21:41,0.4,0.9,0.0
2016-06-22 11:21:42,0.4,0.9,-0.0
2016-06-22 11:21:42,0.4,0.9,-0.0
2016-06-22 11:21:42,0.4,0.9,-0.1
2016-06-22 11:21:42,0.4,0.9,-0.0
2016-06-22 11:21:42,0.4,0.9,-0.0
2016-06-22 11:21:42,0.4,0.9,-0.0
2016-06-22 11:21:42,0.5,0.9,-0.1
2016-06-22 11:21:42,0.4,0.9,-0.1
2016-06-22 11:21:42,0.4,0.9,-0.0
2016-06-22 11:21:42,0.4,1.0,-0.0
2016-06-22 11:21:43,0.4,1.0,-0.0
2016-06-22 11:21:43,0.3,0.9,-0.0
2016-06-22 11:21:43,0.2,0.9,0.1
2016-06-22 11:21:43,0.2,1.0,0.2
2016-06-22 11:21:43,0.2,1.0,0.2
2016-06-22 11:21:43,0.1,1.0,0.2
2016-06-22 11:21:43,0.0,1.0,0.2
2016-06-22 11:21:43,-0.0,1.0,0.3
2016-06-22 11:21:43,-0.0,1.0,0.3
2016-06-22 11:21:44,0.1,1.0,0.3
2016-06-22 11:21:44,0.2,1.0,0.2
2016-06-22 11:21:44,0.2,1.0,0.1
2016-06-22 11:21:44,0.2,1.1,0.1
2016-06-22 11:21:44,0.1,1.0,0.1
2016-06-22 11:21:44,0.1,1.0,0.1
2016-06-22 11:21:44,0.2,1.0,0.1
2016-06-22 11:21:44,0.2,1.0,0.0
2016-06-22 11:21:44,0.2,1.0,0.1
2016-06-22 11:21:44,0.1,1.0,0.0
2016-06-22 11:21:45,0.1,0.9,0.0
2016-06-22 11:21:45,0.3,0.9,-0.1
2016-06-22 11:21:45,0.5,0.8,-0.2
2016-06-22 11:21:45,0.6,0.8,-0.2
2016-06-22 11:21:45,0.5,0.8,-0.3
2016-06-22 11:21:45,0.5,0.8,-0.2
2016-06-22 11:21:46,0.5,0.9,-0.3
2016-06-22 11:21:46,0.4,1.0,-0.2
2016-06-22 11:21:46,0.4,0.9,-0.3
2016-06-22 11:21:46,0.4,0.9,-0.2
2016-06-22 11:21:46,0.3,0.9,-0.2
2016-06-22 11:21:46,0.4,0.9,-0.2
2016-06-22 11:21:46,0.4,0.9,-0.2
2016-06-22 11:21:46,0.4,0.9,-0.1
2016-06-22 11:21:46,0.5,0.9,0.1
2016-06-22 11:21:46,0.7,0.9,0.2
2016-06-22 11:21:47,0.7,0.9,0.2
2016-06-22 11:21:47,0.8,0.8,0.3
2016-06-22 11:21:47,0.8,0.8,0.4
2016-06-22 11:21:47,0.8,0.9,0.5
2016-06-22 11:21:47,0.5,0.7,0.2
2016-06-22 11:21:47,0.1,0.5,-0.2
2016-06-22 11:21:47,0.2,0.6,-0.5
2016-06-22 11:21:47,0.3,0.9,-0.4
2016-06-22 11:21:47,0.6,1.2,-0.3
2016-06-22 11:21:47,0.4,1.0,-0.3
2016-06-22 11:21:48,0.4,0.9,-0.4
2016-06-22 11:21:48,0.3,0.7,-0.4
2016-06-22 11:21:48,0.4,0.8,-0.3
2016-06-22 11:21:48,0.5,0.9,-0.1
2016-06-22 11:21:48,0.6,0.9,-0.0
2016-06-22 11:21:48,0.6,0.9,-0.1
2016-06-22 11:21:48,0.5,0.9,-0.2
2016-06-22 11:21:48,0.5,0.8,-0.2
2016-06-22 11:21:48,0.6,0.8,-0.1
2016-06-22 11:21:48,0.5,0.7,-0.1
2016-06-22 11:21:49,0.4,0.7,-0.1
2016-06-22 11:21:49,0.4,0.7,-0.2
2016-06-22 11:21:49,0.4,0.7,-0.2
2016-06-22 11:21:49,0.6,0.7,-0.2
2016-06-22 11:21:49,0.7,0.5,-0.1
2016-06-22 11:21:49,0.9,0.5,0.1
2016-06-22 11:21:49,0.9,0.4,0.3
2016-06-22 11:21:49,1.2,0.4,0.4
2016-06-22 11:21:49,1.4,0.4,0.4
2016-06-22 11:21:49,1.7,0.3,0.3
2016-06-22 11:21:50,1.6,0.2,0.1
2016-06-22 11:21:50,1.4,0.2,-0.1
2016-06-22 11:21:50,1.0,0.2,0.1
2016-06-22 11:21:50,0.7,0.1,0.2
2016-06-22 11:21:50,0.5,0.2,0.1
2016-06-22 11:21:50,0.5,0.4,-0.2
2016-06-22 11:21:50,0.5,0.6,-0.4
2016-06-22 11:21:50,0.6,0.8,-0.4
2016-06-22 11:21:50,0.5,0.9,-0.5
2016-06-22 11:21:50,0.6,0.8,-0.5
2016-06-22 11:21:51,0.5,0.7,-0.6
2016-06-22 11:21:51,0.5,0.6,-0.5
2016-06-22 11:21:51,0.5,0.7,-0.5
2016-06-22 11:21:51,0.4,0.8,-0.4
2016-06-22 11:21:51,0.4,0.8,-0.4
2016-06-22 11:21:51,0.5,0.9,-0.4
2016-06-22 11:21:51,0.6,0.9,-0.2
2016-06-22 11:21:51,0.5,0.9,-0.2
2016-06-22 11:21:51,0.6,0.8,-0.1
2016-06-22 11:21:51,0.5,0.7,-0.2
2016-06-22 11:21:52,0.6,0.8,-0.2
2016-06-22 11:21:52,0.6,0.8,-0.2
2016-06-22 11:21:52,0.6,0.8,-0.2
2016-06-22 11:21:52,0.6,0.7,-0.2
2016-06-22 11:21:52,0.6,0.7,-0.2
2016-06-22 11:21:52,0.6,0.7,-0.3
2016-06-22 11:21:52,0.7,0.7,-0.4
2016-06-22 11:21:52,0.6,0.6,-0.8
2016-06-22 11:21:52,0.5,0.4,-0.9
2016-06-22 11:21:52,0.3,0.3,-1.0
2016-06-22 11:21:53,0.3,0.3,-0.9
2016-06-22 11:21:53,0.2,0.4,-0.6
2016-06-22 11:21:53,0.3,0.5,-0.7
2016-06-22 11:21:53,0.2,0.4,-0.7
2016-06-22 11:21:53,0.3,0.2,-1.0
2016-06-22 11:21:53,0.2,0.1,-1.0
2016-06-22 11:21:53,0.2,-0.0,-1.0
2016-06-22 11:21:53,0.1,0.0,-1.0
2016-06-22 11:21:53,0.1,0.2,-1.0
2016-06-22 11:21:54,0.2,0.2,-1.0
2016-06-22 11:21:54,0.4,0.2,-1.0
2016-06-22 11:21:54,0.5,0.2,-1.0
2016-06-22 11:21:54,0.4,0.2,-0.9
2016-06-22 11:21:54,0.4,0.3,-0.9
2016-06-22 11:21:54,0.4,0.3,-0.8
2016-06-22 11:21:54,0.7,0.2,-0.4
2016-06-22 11:21:54,0.8,0.1,-0.4
2016-06-22 11:21:54,0.7,0.1,-0.5
2016-06-22 11:21:54,0.5,0.1,-0.9
2016-06-22 11:21:54,0.4,0.2,-0.9
2016-06-22 11:21:55,0.4,0.3,-0.9
2016-06-22 11:21:55,0.4,0.2,-0.9
2016-06-22 11:21:55,0.4,0.2,-0.9
2016-06-22 11:21:55,0.4,0.1,-0.9
2016-06-22 11:21:55,0.3,0.0,-0.9
2016-06-22 11:21:55,0.3,-0.1,-0.9
2016-06-22 11:21:55,0.3,-0.1,-1.0
2016-06-22 11:21:56,0.3,-0.1,-1.0
2016-06-22 11:21:56,0.3,-0.1,-1.0
2016-06-22 11:21:56,0.3,-0.1,-1.0
2016-06-22 11:21:56,0.3,-0.1,-1.0
2016-06-22 11:21:56,0.3,-0.1,-1.0
2016-06-22 11:21:56,0.3,-0.1,-0.9
2016-06-22 11:21:56,0.3,-0.1,-0.9
2016-06-22 11:21:56,0.3,-0.2,-0.9
2016-06-22 11:21:56,0.3,-0.2,-0.9
2016-06-22 11:21:56,0.3,-0.2,-0.9
2016-06-22 11:21:57,0.3,-0.2,-0.9
2016-06-22 11:21:57,0.4,-0.2,-0.9
2016-06-22 11:21:57,0.4,-0.2,-0.8
2016-06-22 11:21:57,0.5,-0.2,-0.9
2016-06-22 11:21:57,0.5,-0.3,-0.9
2016-06-22 11:21:57,0.5,-0.3,-0.9
2016-06-22 11:21:57,0.5,-0.3,-0.9
2016-06-22 11:21:57,0.5,-0.3,-0.9
2016-06-22 11:21:57,0.5,-0.2,-0.9
2016-06-22 11:21:57,0.5,-0.2,-0.9
2016-06-22 11:21:58,0.5,-0.2,-0.9
2016-06-22 11:21:58,0.5,-0.1,-0.9
2016-06-22 11:21:58,0.5,-0.1,-0.9
2016-06-22 11:21:58,0.5,-0.0,-0.9
2016-06-22 11:21:58,0.4,0.0,-0.9
2016-06-22 11:21:58,0.3,0.1,-0.9
2016-06-22 11:21:58,0.3,0.2,-1.0
2016-06-22 11:21:58,0.2,0.2,-1.0
2016-06-22 11:21:58,0.2,0.2,-1.0
2016-06-22 11:21:58,0.2,0.1,-1.0
2016-06-22 11:21:59,0.2,0.1,-1.0
2016-06-22 11:21:59,0.1,0.1,-0.9
2016-06-22 11:21:59,0.1,0.2,-1.0
2016-06-22 11:21:59,0.0,0.2,-1.0
2016-06-22 11:21:59,-0.0,0.3,-1.0
2016-06-22 11:21:59,0.0,0.3,-1.0
2016-06-22 11:21:59,0.1,0.2,-1.0
2016-06-22 11:21:59,0.2,0.0,-1.1
2016-06-22 11:21:59,0.2,-0.1,-1.0
2016-06-22 11:21:59,0.1,-0.1,-0.9
2016-06-22 11:22:00,0.1,-0.1,-1.0
2016-06-22 11:22:00,0.0,-0.1,-0.9
2016-06-22 11:22:00,0.0,-0.1,-1.0
2016-06-22 11:22:00,0.1,-0.1,-0.9
2016-06-22 11:22:00,0.3,0.1,-0.9
2016-06-22 11:22:00,0.4,0.3,-0.9
2016-06-22 11:22:00,0.4,0.3,-0.9
2016-06-22 11:22:00,0.4,0.3,-0.9
2016-06-22 11:22:00,0.3,0.3,-0.9
2016-06-22 11:22:00,0.3,0.3,-0.9
2016-06-22 11:22:01,0.3,0.3,-0.9
2016-06-22 11:22:01,0.3,0.2,-0.9
2016-06-22 11:22:01,0.3,0.2,-1.0
2016-06-22 11:22:01,0.4,0.1,-1.0
2016-06-22 11:22:01,0.4,0.1,-1.1
2016-06-22 11:22:01,0.4,0.0,-1.1
2016-06-22 11:22:01,0.3,-0.0,-1.0
2016-06-22 11:22:01,0.3,-0.1,-1.0
2016-06-22 11:22:01,0.3,-0.2,-1.0
2016-06-22 11:22:01,0.3,-0.2,-0.9
2016-06-22 11:22:02,0.3,-0.4,-0.9
2016-06-22 11:22:02,0.3,-0.5,-0.8
2016-06-22 11:22:02,0.3,-0.6,-0.8
2016-06-22 11:22:02,0.3,-0.6,-0.7
2016-06-22 11:22:02,0.3,-0.6,-0.6
2016-06-22 11:22:02,0.4,-0.6,-0.6
2016-06-22 11:22:02,0.4,-0.6,-0.7
2016-06-22 11:22:02,0.4,-0.5,-0.8
2016-06-22 11:22:02,0.4,-0.4,-0.8
2016-06-22 11:22:02,0.3,-0.5,-0.8
2016-06-22 11:22:03,0.3,-0.4,-0.8
2016-06-22 11:22:03,0.4,-0.3,-0.9
2016-06-22 11:22:03,0.4,-0.2,-0.9
2016-06-22 11:22:03,0.5,-0.2,-0.8
2016-06-22 11:22:03,0.5,-0.3,-0.8
2016-06-22 11:22:03,0.5,-0.3,-0.8
2016-06-22 11:22:03,0.6,-0.3,-0.9
2016-06-22 11:22:03,0.6,-0.2,-0.8
2016-06-22 11:22:03,0.6,-0.2,-0.8
2016-06-22 11:22:03,0.5,-0.1,-0.7
2016-06-22 11:22:04,0.5,-0.1,-0.9
2016-06-22 11:22:04,0.5,0.1,-1.0
2016-06-22 11:22:04,0.4,0.1,-1.0
2016-06-22 11:22:04,0.4,0.2,-1.0
2016-06-22 11:22:04,0.4,0.2,-0.9
2016-06-22 11:22:04,0.5,0.2,-0.9
2016-06-22 11:22:04,0.5,0.2,-0.9
2016-06-22 11:22:04,0.4,0.2,-0.9
2016-06-22 11:22:04,0.4,0.3,-0.9
2016-06-22 11:22:04,0.4,0.3,-0.9
2016-06-22 11:22:05,0.5,0.3,-0.9
2016-06-22 11:22:05,0.5,0.3,-0.9
2016-06-22 11:22:05,0.5,0.2,-0.8
2016-06-22 11:22:05,0.6,0.2,-0.8
2016-06-22 11:22:05,0.7,0.3,-0.9
2016-06-22 11:22:05,0.6,0.4,-0.9
2016-06-22 11:22:05,0.5,0.5,-0.9
2016-06-22 11:22:06,0.4,0.5,-0.9
2016-06-22 11:22:06,0.3,0.6,-0.8
2016-06-22 11:22:06,0.3,0.6,-0.7
2016-06-22 11:22:06,0.3,0.7,-0.7
2016-06-22 11:22:06,0.2,0.8,-0.7
2016-06-22 11:22:06,0.1,0.9,-0.6
2016-06-22 11:22:06,0.1,0.9,-0.3
2016-06-22 11:22:06,0.2,0.8,-0.1
2016-06-22 11:22:06,0.4,0.8,0.0
2016-06-22 11:22:06,0.5,0.8,0.0
2016-06-22 11:22:07,0.4,0.9,0.1
2016-06-22 11:22:07,0.3,0.9,0.2
2016-06-22 11:22:07,0.2,1.0,0.2
2016-06-22 11:22:07,0.1,1.0,0.2
2016-06-22 11:22:07,0.1,0.9,0.1
2016-06-22 11:22:07,0.0,0.9,0.0
2016-06-22 11:22:07,-0.1,1.0,-0.1
2016-06-22 11:22:07,-0.3,1.0,-0.3
2016-06-22 11:22:07,-0.3,0.9,-0.4
2016-06-22 11:22:07,-0.3,0.8,-0.5
2016-06-22 11:22:08,-0.3,0.7,-0.6
2016-06-22 11:22:08,-0.3,0.7,-0.6
2016-06-22 11:22:08,-0.3,0.6,-0.7
2016-06-22 11:22:08,-0.3,0.5,-0.7
2016-06-22 11:22:08,-0.4,0.5,-0.8
2016-06-22 11:22:08,-0.5,0.6,-0.8
2016-06-22 11:22:08,-0.6,0.5,-0.8
2016-06-22 11:22:08,-0.5,0.5,-0.7
2016-06-22 11:22:08,-0.5,0.5,-0.6
2016-06-22 11:22:08,-0.5,0.5,-0.6
2016-06-22 11:22:09,-0.6,0.5,-0.6
2016-06-22 11:22:09,-0.6,0.5,-0.5
2016-06-22 11:22:09,-0.7,0.5,-0.5
2016-06-22 11:22:09,-0.6,0.5,-0.5
2016-06-22 11:22:09,-0.6,0.6,-0.5
2016-06-22 11:22:09,-0.5,0.6,-0.5
2016-06-22 11:22:09,-0.5,0.6,-0.6
2016-06-22 11:22:09,-0.5,0.6,-0.7
2016-06-22 11:22:09,-0.5,0.6,-0.7
2016-06-22 11:22:09,-0.4,0.2,-0.8
2016-06-22 11:22:10,-0.4,0.3,-0.6
2016-06-22 11:22:10,-0.5,0.3,-0.5
2016-06-22 11:22:10,-0.6,0.8,-0.5
2016-06-22 11:22:10,-0.5,0.7,-0.6
2016-06-22 11:22:10,-0.5,0.6,-0.7
2016-06-22 11:22:10,-0.5,0.6,-0.8
2016-06-22 11:22:10,-0.6,0.6,-0.8
2016-06-22 11:22:10,-0.5,0.6,-0.8
2016-06-22 11:22:10,-0.4,0.6,-0.7
2016-06-22 11:22:10,-0.4,0.5,-0.7
2016-06-22 11:22:11,-0.4,0.5,-0.7
2016-06-22 11:22:11,-0.4,0.5,-0.7
2016-06-22 11:22:11,-0.5,0.6,-0.7
2016-06-22 11:22:11,-0.5,0.6,-0.7
2016-06-22 11:22:11,-0.5,0.6,-0.7
2016-06-22 11:22:11,-0.5,0.6,-0.7
2016-06-22 11:22:11,-0.6,0.6,-0.7
2016-06-22 11:22:11,-0.5,0.6,-0.7
2016-06-22 11:22:11,-0.5,0.6,-0.7
2016-06-22 11:22:11,-0.5,0.7,-0.6
2016-06-22 11:22:12,-0.6,0.7,-0.4
2016-06-22 11:22:12,-0.6,0.7,-0.3
2016-06-22 11:22:12,-0.7,0.6,-0.3
2016-06-22 11:22:12,-0.8,0.6,-0.2
2016-06-22 11:22:12,-0.8,0.6,-0.3
2016-06-22 11:22:12,-0.8,0.6,-0.3
2016-06-22 11:22:12,-0.8,0.5,-0.3
2016-06-22 11:22:12,-0.8,0.4,-0.3
2016-06-22 11:22:12,-0.8,0.4,-0.3
2016-06-22 11:22:12,-0.8,0.4,-0.3
2016-06-22 11:22:13,-0.8,0.4,-0.4
2016-06-22 11:22:13,-0.8,0.4,-0.4
2016-06-22 11:22:13,-0.8,0.3,-0.4
2016-06-22 11:22:13,-0.7,0.3,-0.5
2016-06-22 11:22:13,-0.6,0.2,-0.6
2016-06-22 11:22:13,-0.5,0.1,-0.6
2016-06-22 11:22:13,-0.3,-0.1,-0.8
2016-06-22 11:22:13,-0.2,-0.2,-1.0
2016-06-22 11:22:13,-0.2,-0.2,-1.2
2016-06-22 11:22:13,-0.2,-0.1,-1.1
2016-06-22 11:22:14,-0.1,-0.1,-1.1
2016-06-22 11:22:14,0.0,-0.2,-1.1
2016-06-22 11:22:14,0.1,-0.2,-1.1
2016-06-22 11:22:14,-0.1,-0.2,-1.0
2016-06-22 11:22:14,-0.3,-0.3,-0.9
2016-06-22 11:22:14,-0.5,-0.2,-0.7
2016-06-22 11:22:14,-0.7,-0.1,-0.6
2016-06-22 11:22:14,-0.8,0.0,-0.5
2016-06-22 11:22:14,-0.8,0.0,-0.7
2016-06-22 11:22:14,-0.6,-0.1,-1.0
2016-06-22 11:22:15,-0.3,-0.1,-1.1
2016-06-22 11:22:15,-0.2,-0.1,-1.0
2016-06-22 11:22:15,-0.2,0.0,-0.9
2016-06-22 11:22:15,-0.2,0.0,-0.9
2016-06-22 11:22:15,-0.2,0.0,-0.8
2016-06-22 11:22:15,-0.2,0.2,-0.9
2016-06-22 11:22:15,-0.3,0.3,-0.9
2016-06-22 11:22:15,-0.3,0.4,-1.0
2016-06-22 11:22:15,-0.2,0.2,-0.9
2016-06-22 11:22:15,-0.0,0.1,-1.1
2016-06-22 11:22:16,0.1,0.2,-1.1
2016-06-22 11:22:16,0.2,0.2,-1.1
2016-06-22 11:22:16,0.1,0.0,-0.9
2016-06-22 11:22:16,-0.1,-0.2,-0.8
2016-06-22 11:22:16,-0.1,-0.4,-0.8
2016-06-22 11:22:16,0.1,-0.4,-1.0
2016-06-22 11:22:16,0.2,-0.2,-1.0
2016-06-22 11:22:17,0.3,-0.1,-0.9
2016-06-22 11:22:17,0.3,0.0,-1.0
2016-06-22 11:22:17,0.4,0.1,-1.1
2016-06-22 11:22:17,0.5,0.2,-1.0
2016-06-22 11:22:17,0.6,0.1,-0.9
2016-06-22 11:22:17,0.6,0.1,-0.9
2016-06-22 11:22:17,0.4,0.1,-1.0
2016-06-22 11:22:17,0.2,0.2,-1.0
2016-06-22 11:22:17,0.2,0.2,-0.9
2016-06-22 11:22:17,0.1,0.2,-0.8
2016-06-22 11:22:18,0.1,0.3,-0.6
2016-06-22 11:22:18,0.0,0.2,-0.7
2016-06-22 11:22:18,0.2,0.2,-0.9
2016-06-22 11:22:18,0.2,0.2,-1.1
2016-06-22 11:22:18,0.3,0.3,-1.3
2016-06-22 11:22:18,0.4,0.4,-1.2
2016-06-22 11:22:18,0.4,0.5,-1.2
2016-06-22 11:22:18,0.4,0.5,-0.9
2016-06-22 11:22:18,0.3,0.6,-0.6
2016-06-22 11:22:18,0.4,0.7,-0.3
2016-06-22 11:22:19,0.4,0.7,-0.3
2016-06-22 11:22:19,0.4,0.7,-0.5
2016-06-22 11:22:19,0.3,0.6,-0.7
2016-06-22 11:22:19,0.2,0.6,-0.8
2016-06-22 11:22:19,0.2,0.6,-0.9
2016-06-22 11:22:19,0.2,0.5,-0.9
2016-06-22 11:22:19,0.3,0.5,-1.0
2016-06-22 11:22:19,0.4,0.5,-1.1
2016-06-22 11:22:19,0.6,0.5,-1.1
2016-06-22 11:22:19,0.6,0.4,-1.1
2016-06-22 11:22:20,0.8,0.1,-0.7
2016-06-22 11:22:20,0.8,0.1,-0.7
2016-06-22 11:22:20,0.7,0.1,-0.7
2016-06-22 11:22:20,0.4,0.4,-0.7
2016-06-22 11:22:20,0.4,0.4,-0.6
2016-06-22 11:22:20,0.4,0.4,-0.5
2016-06-22 11:22:20,0.6,0.4,-0.9
2016-06-22 11:22:20,0.6,0.4,-0.9
2016-06-22 11:22:20,0.6,0.3,-0.9
2016-06-22 11:22:20,0.6,0.0,-0.4
2016-06-22 11:22:21,0.6,-0.3,-0.1
2016-06-22 11:22:21,0.8,-0.3,-0.0
2016-06-22 11:22:21,0.8,-0.2,-0.3
2016-06-22 11:22:21,0.9,0.0,-0.5
2016-06-22 11:22:21,0.8,0.0,-0.6
2016-06-22 11:22:21,0.8,0.1,-0.6
2016-06-22 11:22:21,0.8,0.1,-0.6
2016-06-22 11:22:21,0.8,0.0,-0.6
2016-06-22 11:22:21,0.8,0.0,-0.6
2016-06-22 11:22:21,0.8,-0.0,-0.6
2016-06-22 11:22:22,0.9,-0.0,-0.6
2016-06-22 11:22:22,0.9,-0.0,-0.6
2016-06-22 11:22:22,0.9,0.0,-0.6
2016-06-22 11:22:22,0.9,0.0,-0.6
2016-06-22 11:22:22,0.8,0.0,-0.6
2016-06-22 11:22:22,0.8,0.0,-0.6
2016-06-22 11:22:22,0.8,0.0,-0.6
2016-06-22 11:22:22,0.8,0.0,-0.5
2016-06-22 11:22:22,0.8,-0.0,-0.5
2016-06-22 11:22:22,0.9,-0.0,-0.6
2016-06-22 11:22:23,0.8,0.0,-0.6
2016-06-22 11:22:23,0.8,0.0,-0.5
2016-06-22 11:22:23,0.8,0.0,-0.5
2016-06-22 11:22:23,0.8,0.0,-0.6
2016-06-22 11:22:23,0.9,0.0,-0.6
2016-06-22 11:22:23,0.9,0.0,-0.6
2016-06-22 11:22:23,0.8,0.0,-0.6
2016-06-22 11:22:23,0.8,-0.0,-0.6
2016-06-22 11:22:23,0.8,-0.0,-0.6
2016-06-22 11:22:23,0.8,0.0,-0.6
2016-06-22 11:22:24,0.8,0.0,-0.6
2016-06-22 11:22:24,0.9,0.0,-0.5
2016-06-22 11:22:24,0.9,-0.0,-0.5
2016-06-22 11:22:24,0.9,0.0,-0.5
2016-06-22 11:22:24,0.9,0.0,-0.5
2016-06-22 11:22:24,0.9,0.1,-0.5
2016-06-22 11:22:24,0.9,0.0,-0.5
2016-06-22 11:22:24,0.8,-0.0,-0.5
2016-06-22 11:22:24,0.9,-0.0,-0.5
2016-06-22 11:22:24,0.8,-0.0,-0.5
2016-06-22 11:22:25,0.8,-0.0,-0.5
2016-06-22 11:22:25,0.8,-0.0,-0.6
2016-06-22 11:22:25,0.9,0.0,-0.5
2016-06-22 11:22:25,0.9,0.0,-0.5
2016-06-22 11:22:25,0.8,0.0,-0.5
2016-06-22 11:22:25,0.9,0.0,-0.5
2016-06-22 11:22:25,0.8,0.0,-0.5
2016-06-22 11:22:25,0.9,0.0,-0.5
2016-06-22 11:22:25,0.9,-0.0,-0.5
2016-06-22 11:22:25,0.9,0.0,-0.5
2016-06-22 11:22:26,0.9,0.0,-0.5
2016-06-22 11:22:26,0.9,0.0,-0.5
2016-06-22 11:22:26,0.9,0.0,-0.5
2016-06-22 11:22:29,0.9,-0.0,-0.5
2016-06-22 11:22:29,0.5,0.0,-0.7
2016-06-22 11:22:29,0.2,0.0,-0.9
2016-06-22 11:22:29,-0.3,0.0,-1.0
2016-06-22 11:22:29,-0.5,0.0,-0.9
2016-06-22 11:22:29,-0.7,-0.0,-0.7
2016-06-22 11:22:29,-0.9,0.0,-0.5
2016-06-22 11:22:29,-0.9,0.0,-0.3
2016-06-22 11:22:30,-0.9,0.0,-0.1
2016-06-22 11:22:30,-1.0,-0.0,-0.1
2016-06-22 11:22:30,-1.0,-0.0,-0.1
2016-06-22 11:22:30,-1.0,-0.0,-0.2
2016-06-22 11:22:30,-1.0,-0.0,-0.2
2016-06-22 11:22:30,-0.9,-0.0,-0.2
2016-06-22 11:22:30,-1.1,-0.0,-0.0
2016-06-22 11:22:30,-1.1,-0.1,0.1
2016-06-22 11:22:30,-1.1,-0.1,0.1
2016-06-22 11:22:30,-1.0,-0.0,0.1
2016-06-22 11:22:31,-1.0,-0.0,0.0
2016-06-22 11:22:31,-1.0,-0.0,0.0
2016-06-22 11:22:31,-1.0,-0.0,0.0
2016-06-22 11:22:31,-1.0,-0.0,0.0
2016-06-22 11:22:31,-1.0,-0.0,0.0
2016-06-22 11:22:31,-1.0,-0.0,0.1
2016-06-22 11:22:31,-1.0,-0.0,0.1
2016-06-22 11:22:31,-1.0,-0.0,0.1
2016-06-22 11:22:31,-1.0,0.0,0.1
2016-06-22 11:22:31,-1.0,0.0,0.1
2016-06-22 11:22:32,-1.0,0.0,0.1
2016-06-22 11:22:32,-1.0,-0.0,0.1
2016-06-22 11:22:32,-1.0,-0.0,0.2
2016-06-22 11:22:32,-1.0,-0.0,0.1
2016-06-22 11:22:32,-1.0,-0.0,0.1
2016-06-22 11:22:32,-1.0,-0.0,0.1
2016-06-22 11:22:32,-1.0,-0.0,0.1
2016-06-22 11:22:32,-1.0,-0.0,0.1
2016-06-22 11:22:32,-1.0,-0.0,0.1
2016-06-22 11:22:32,-1.0,-0.0,0.1
2016-06-22 11:22:33,-1.0,0.0,0.1
2016-06-22 11:22:33,-1.0,0.0,0.1
2016-06-22 11:22:33,-1.0,0.0,0.1
2016-06-22 11:22:33,-1.0,-0.0,0.1
2016-06-22 11:22:33,-1.0,-0.0,0.1
2016-06-22 11:22:33,-1.0,-0.1,0.1
2016-06-22 11:22:33,-1.0,-0.1,0.1
2016-06-22 11:22:33,-1.0,-0.0,0.0
2016-06-22 11:22:33,-1.0,-0.0,0.0
2016-06-22 11:22:33,-1.0,-0.0,0.0
2016-06-22 11:22:34,-1.0,-0.0,0.1
2016-06-22 11:22:34,-1.0,-0.0,0.1
2016-06-22 11:22:34,-1.0,-0.0,0.1
2016-06-22 11:22:34,-1.0,0.0,0.1
2016-06-22 11:22:34,-1.0,0.0,0.1
2016-06-22 11:22:34,-1.0,0.0,0.1
2016-06-22 11:22:34,-1.0,-0.0,0.1
2016-06-22 11:22:34,-1.0,-0.0,0.1
2016-06-22 11:22:34,-1.0,0.0,0.1
2016-06-22 11:22:34,-1.0,0.0,0.1
2016-06-22 11:22:35,-1.0,-0.0,0.1
2016-06-22 11:22:35,-1.0,-0.0,0.1
2016-06-22 11:22:35,-1.0,-0.0,0.1
2016-06-22 11:22:35,-1.0,-0.0,0.1
2016-06-22 11:22:35,-1.0,-0.0,0.1
2016-06-22 11:22:35,-1.0,-0.0,0.1
2016-06-22 11:22:35,-1.0,-0.0,0.1
2016-06-22 11:22:35,-1.0,0.0,0.1
2016-06-22 11:22:35,-1.0,-0.0,0.1
2016-06-22 11:22:35,-1.0,-0.0,0.1
2016-06-22 11:22:36,-1.0,0.0,0.2
2016-06-22 11:22:36,-1.0,0.0,0.2
2016-06-22 11:22:36,-0.9,0.0,0.2
2016-06-22 11:22:36,-1.0,0.0,0.2
2016-06-22 11:22:36,-1.0,-0.0,0.2
2016-06-22 11:22:36,-1.0,-0.0,0.1
2016-06-22 11:22:36,-1.0,-0.0,0.2
2016-06-22 11:22:36,-1.0,-0.0,0.2
2016-06-22 11:22:36,-1.0,-0.0,0.2
2016-06-22 11:22:36,-1.0,-0.1,0.2
2016-06-22 11:22:37,-1.0,-0.0,0.2
2016-06-22 11:22:37,-1.0,-0.0,0.2
2016-06-22 11:22:37,-1.0,-0.0,0.2
2016-06-22 11:22:37,-1.0,-0.0,0.2
2016-06-22 11:22:37,-1.0,-0.0,0.2
2016-06-22 11:22:37,-1.0,-0.0,0.2
2016-06-22 11:22:37,-1.0,-0.0,0.2
2016-06-22 11:22:37,-1.0,-0.0,0.2
2016-06-22 11:22:37,-1.0,-0.0,0.2
2016-06-22 11:22:37,-1.0,0.0,0.2
2016-06-22 11:22:38,-1.0,0.0,0.2
2016-06-22 11:22:38,-1.0,-0.0,0.2
2016-06-22 11:22:38,-1.0,-0.0,0.2
2016-06-22 11:22:38,-1.0,-0.0,0.2
2016-06-22 11:22:38,-1.0,-0.0,0.2
2016-06-22 11:22:38,-1.0,-0.0,0.2
2016-06-22 11:22:38,-1.0,-0.0,0.2
2016-06-22 11:22:38,-1.0,0.0,0.2
2016-06-22 11:22:38,-1.0,0.0,0.2
2016-06-22 11:22:38,-1.0,0.0,0.2
2016-06-22 11:22:39,-1.0,-0.0,0.2
2016-06-22 11:22:39,-1.0,-0.0,0.2
2016-06-22 11:22:47,-1.0,0.0,0.2
2016-06-22 11:22:47,-1.0,0.0,0.2
2016-06-22 11:22:47,-1.0,0.0,0.2
2016-06-22 11:22:47,-1.0,0.0,0.2
2016-06-22 11:22:47,-1.0,0.0,0.1
2016-06-22 11:22:48,-1.0,0.0,0.1
2016-06-22 11:22:48,-1.0,0.0,0.1
2016-06-22 11:22:48,-1.0,0.0,0.0
2016-06-22 11:22:48,-1.0,0.0,0.0
2016-06-22 11:22:48,-1.0,-0.0,0.1
2016-06-22 11:22:48,-1.0,-0.0,0.1
2016-06-22 11:22:48,-0.9,-0.0,0.2
2016-06-22 11:22:48,-0.9,0.0,0.3
2016-06-22 11:22:48,-0.9,0.0,0.3
2016-06-22 11:22:48,-0.9,0.0,0.3
2016-06-22 11:22:49,-1.0,0.0,0.3
2016-06-22 11:22:49,-1.0,0.0,0.2
2016-06-22 11:22:49,-1.0,-0.0,0.1
2016-06-22 11:22:49,-1.0,-0.0,0.0
2016-06-22 11:22:49,-1.0,-0.0,0.0
2016-06-22 11:22:49,-1.0,0.0,0.1
2016-06-22 11:22:49,-1.0,0.0,0.1
2016-06-22 11:22:49,-1.0,0.0,0.2
2016-06-22 11:22:49,-0.9,-0.0,0.3
2016-06-22 11:22:49,-1.0,0.0,0.3
2016-06-22 11:22:50,-1.0,0.0,0.3
2016-06-22 11:22:50,-1.0,0.0,0.3
2016-06-22 11:22:50,-1.0,0.0,0.4
2016-06-22 11:22:50,-0.9,-0.0,0.3
2016-06-22 11:22:50,-1.0,-0.0,0.3
2016-06-22 11:22:50,-0.9,-0.0,0.3
2016-06-22 11:22:50,-0.9,-0.0,0.3
2016-06-22 11:22:50,-0.9,-0.0,0.3
2016-06-22 11:22:50,-0.9,-0.0,0.2
2016-06-22 11:22:50,-0.9,-0.0,0.1
2016-06-22 11:22:51,-0.8,-0.0,0.1
2016-06-22 11:22:51,-0.8,0.0,0.1
2016-06-22 11:22:51,-0.8,0.0,0.2
2016-06-22 11:22:51,-1.0,0.1,0.4
2016-06-22 11:22:51,-1.3,0.1,0.5
2016-06-22 11:22:51,-1.5,0.1,0.5
2016-06-22 11:22:51,-1.5,0.1,0.5
2016-06-22 11:22:51,-1.4,0.1,0.4
2016-06-22 11:22:51,-1.1,0.0,-0.0
2016-06-22 11:22:51,-0.7,0.0,-0.1
2016-06-22 11:22:52,-0.6,-0.0,0.3
2016-06-22 11:22:52,-0.7,0.0,0.8
2016-06-22 11:22:52,-0.9,-0.0,0.7
2016-06-22 11:22:52,-0.9,-0.0,0.4
2016-06-22 11:22:52,-1.0,-0.0,0.2
2016-06-22 11:22:52,-1.1,-0.0,0.3
2016-06-22 11:22:52,-1.0,-0.0,0.3
2016-06-22 11:22:52,-0.9,0.0,0.4
2016-06-22 11:22:52,-0.9,0.0,0.4
2016-06-22 11:22:52,-0.9,0.0,0.4
2016-06-22 11:22:53,-0.9,-0.0,0.4
2016-06-22 11:22:53,-0.9,0.0,0.3
2016-06-22 11:22:53,-0.9,-0.0,0.4
2016-06-22 11:22:53,-0.9,-0.0,0.4
2016-06-22 11:22:53,-0.9,-0.0,0.4
2016-06-22 11:22:53,-0.9,0.0,0.4
2016-06-22 11:22:53,-0.9,0.0,0.4
2016-06-22 11:22:53,-0.9,0.0,0.4
2016-06-22 11:22:53,-0.9,0.0,0.4
2016-06-22 11:22:53,-0.9,-0.0,0.4
2016-06-22 11:22:54,-0.9,0.0,0.4
2016-06-22 11:22:54,-1.0,0.0,0.4
2016-06-22 11:22:54,-0.9,0.0,0.4
2016-06-22 11:22:54,-0.9,-0.0,0.4
2016-06-22 11:22:54,-0.9,-0.0,0.4
2016-06-22 11:22:54,-0.9,-0.0,0.4
2016-06-22 11:22:54,-1.0,-0.0,0.4
2016-06-22 11:22:54,-0.9,0.0,0.3
2016-06-22 11:22:54,-0.9,0.0,0.3
2016-06-22 11:22:54,-0.9,0.0,0.3
2016-06-22 11:22:55,-0.9,0.0,0.2
2016-06-22 11:22:55,-0.9,0.0,0.1
2016-06-22 11:22:55,-0.8,0.0,0.1
2016-06-22 11:22:55,-0.8,0.0,0.1
2016-06-22 11:22:55,-0.8,0.0,0.2
2016-06-22 11:22:55,-1.0,0.0,0.4
2016-06-22 11:22:55,-1.3,0.0,0.4
2016-06-22 11:22:55,-1.4,0.0,0.3
2016-06-22 11:22:55,-1.4,0.0,0.3
2016-06-22 11:22:56,-1.3,0.0,0.4
2016-06-22 11:22:56,-1.2,0.0,0.3
2016-06-22 11:22:56,-0.9,0.0,0.1
2016-06-22 11:22:56,-0.6,0.0,0.0
2016-06-22 11:22:56,-0.3,0.0,0.2
2016-06-22 11:22:56,-0.5,0.1,0.5
2016-06-22 11:22:56,-0.9,0.1,0.7
2016-06-22 11:22:56,-1.3,0.0,0.7
2016-06-22 11:22:56,-1.6,0.0,0.6
2016-06-22 11:22:56,-1.7,0.0,0.4
2016-06-22 11:22:56,-1.5,0.1,0.2
2016-06-22 11:22:57,-1.1,0.1,0.0
2016-06-22 11:22:57,-0.7,0.1,-0.0
2016-06-22 11:22:57,-0.4,0.0,0.1
2016-06-22 11:22:57,-0.4,0.0,0.4
2016-06-22 11:22:57,-0.7,0.0,0.7
2016-06-22 11:22:57,-1.2,0.1,0.8
2016-06-22 11:22:58,-1.2,0.0,0.4
2016-06-22 11:22:58,-0.9,0.0,0.1
2016-06-22 11:22:58,-0.4,0.0,0.1
2016-06-22 11:22:58,-0.3,0.1,0.4
2016-06-22 11:22:58,-0.6,0.0,0.7
2016-06-22 11:22:58,-1.1,0.0,0.8
2016-06-22 11:22:58,-1.4,0.1,0.7
2016-06-22 11:22:58,-1.6,0.1,0.5
2016-06-22 11:22:58,-1.5,0.1,0.4
2016-06-22 11:22:58,-1.3,0.0,0.2
2016-06-22 11:22:59,-0.9,-0.0,0.1
2016-06-22 11:22:59,-0.5,0.0,0.1
2016-06-22 11:22:59,-0.3,0.0,0.3
2016-06-22 11:22:59,-0.4,0.0,0.6
2016-06-22 11:22:59,-0.8,0.0,0.8
2016-06-22 11:22:59,-1.2,0.0,0.7
2016-06-22 11:22:59,-1.5,0.0,0.6
2016-06-22 11:22:59,-1.5,0.0,0.4
2016-06-22 11:22:59,-1.4,0.0,0.4
2016-06-22 11:22:59,-1.4,-0.1,-0.1
2016-06-22 11:23:00,-1.0,-0.1,-0.1
2016-06-22 11:23:00,-0.7,-0.2,0.1
2016-06-22 11:23:00,-0.4,0.0,0.6
2016-06-22 11:23:00,-0.5,-0.0,0.7
2016-06-22 11:23:00,-0.9,0.0,0.8
2016-06-22 11:23:00,-1.3,0.0,0.8
2016-06-22 11:23:00,-1.6,0.1,0.7
2016-06-22 11:23:00,-1.7,0.1,0.5
2016-06-22 11:23:00,-1.5,0.1,0.4
2016-06-22 11:23:00,-1.0,-0.0,0.0
2016-06-22 11:23:00,-0.5,-0.0,0.0
2016-06-22 11:23:01,-0.2,-0.0,0.2
2016-06-22 11:23:01,-0.4,0.0,0.7
2016-06-22 11:23:01,-0.9,0.0,0.9
2016-06-22 11:23:01,-1.3,0.1,0.9
2016-06-22 11:23:01,-1.6,0.1,0.9
2016-06-22 11:23:01,-1.5,0.1,0.7
2016-06-22 11:23:01,-1.3,0.0,0.5
2016-06-22 11:23:01,-0.9,0.0,0.1
2016-06-22 11:23:01,-0.5,0.0,0.1
2016-06-22 11:23:01,-0.3,0.0,0.3
2016-06-22 11:23:02,-0.4,0.0,0.7
2016-06-22 11:23:02,-0.9,0.0,0.9
2016-06-22 11:23:02,-1.4,0.1,0.9
2016-06-22 11:23:02,-1.6,0.1,0.7
2016-06-22 11:23:02,-1.6,0.1,0.5
2016-06-22 11:23:02,-1.4,0.0,0.3
2016-06-22 11:23:02,-1.0,0.0,0.1
2016-06-22 11:23:02,-0.5,0.0,0.1
2016-06-22 11:23:02,-0.3,0.0,0.3
2016-06-22 11:23:02,-0.4,0.0,0.6
2016-06-22 11:23:03,-0.8,0.1,0.9
2016-06-22 11:23:03,-1.2,0.0,0.9
2016-06-22 11:23:03,-1.5,0.0,0.7
2016-06-22 11:23:03,-1.6,0.0,0.6
2016-06-22 11:23:03,-1.4,0.0,0.4
2016-06-22 11:23:03,-1.1,0.0,0.2
2016-06-22 11:23:03,-0.7,0.0,0.1
2016-06-22 11:23:03,-0.4,0.0,0.3
2016-06-22 11:23:03,-0.3,0.0,0.6
2016-06-22 11:23:03,-0.6,0.0,0.9
2016-06-22 11:23:04,-1.1,0.1,0.9
2016-06-22 11:23:04,-1.5,0.1,0.8
2016-06-22 11:23:04,-1.7,0.0,0.6
2016-06-22 11:23:04,-1.6,0.0,0.3
2016-06-22 11:23:04,-1.2,0.0,0.0
2016-06-22 11:23:04,-0.7,0.0,-0.1
2016-06-22 11:23:04,-0.3,0.0,0.1
2016-06-22 11:23:04,-0.3,0.0,0.6
2016-06-22 11:23:04,-0.7,0.0,1.0
2016-06-22 11:23:04,-1.3,0.0,1.0
2016-06-22 11:23:05,-1.7,0.1,0.8
2016-06-22 11:23:05,-1.7,0.1,0.5
2016-06-22 11:23:05,-1.4,0.1,0.2
2016-06-22 11:23:05,-0.8,0.0,-0.0
2016-06-22 11:23:05,-0.4,0.0,-0.0
2016-06-22 11:23:05,-0.2,0.0,0.4
2016-06-22 11:23:05,-0.5,0.0,0.8
2016-06-22 11:23:05,-1.0,0.1,1.0
2016-06-22 11:23:05,-1.5,0.1,0.9
2016-06-22 11:23:05,-1.6,0.0,0.6
2016-06-22 11:23:06,-1.5,0.0,0.4
2016-06-22 11:23:06,-1.2,0.0,0.2
2016-06-22 11:23:06,-0.8,0.0,0.0
2016-06-22 11:23:06,-0.4,0.0,0.1
2016-06-22 11:23:06,-0.2,0.0,0.5
2016-06-22 11:23:06,-0.5,0.0,0.9
2016-06-22 11:23:06,-1.1,0.0,1.0
2016-06-22 11:23:06,-1.5,0.1,0.9
2016-06-22 11:23:06,-1.6,0.1,0.7
2016-06-22 11:23:06,-1.5,0.1,0.4
2016-06-22 11:23:07,-1.1,0.0,0.1
2016-06-22 11:23:07,-0.6,0.0,0.0
2016-06-22 11:23:07,-0.2,0.0,0.1
2016-06-22 11:23:07,-0.2,0.0,0.6
2016-06-22 11:23:07,-0.7,0.0,0.9
2016-06-22 11:23:07,-1.3,0.1,1.0
2016-06-22 11:23:07,-1.6,0.1,0.8
2016-06-22 11:23:07,-1.7,0.1,0.6
2016-06-22 11:23:08,-1.4,0.1,0.4
2016-06-22 11:23:08,-1.2,0.0,0.5
2016-06-22 11:23:08,-1.3,0.0,0.7
2016-06-22 11:23:08,-1.5,0.1,0.9
2016-06-22 11:23:08,-1.7,0.1,0.6
2016-06-22 11:23:08,-1.6,0.1,0.4
2016-06-22 11:23:08,-1.3,0.1,0.1
2016-06-22 11:23:08,-0.8,0.0,-0.0
2016-06-22 11:23:08,-0.3,0.0,0.0
2016-06-22 11:23:09,-0.2,0.0,0.4
2016-06-22 11:23:09,-0.5,0.0,0.8
2016-06-22 11:23:09,-1.1,0.1,1.0
2016-06-22 11:23:09,-1.5,0.1,0.8
2016-06-22 11:23:09,-1.7,0.1,0.6
2016-06-22 11:23:09,-1.5,0.0,0.4
2016-06-22 11:23:09,-1.1,0.0,0.1
2016-06-22 11:23:09,-0.6,0.0,0.0
2016-06-22 11:23:09,-0.3,0.0,0.2
2016-06-22 11:23:09,-0.3,0.0,0.7
2016-06-22 11:23:10,-0.7,0.1,1.0
2016-06-22 11:23:10,-1.2,0.1,1.0
2016-06-22 11:23:10,-1.6,0.1,0.8
2016-06-22 11:23:10,-1.6,0.0,0.6
2016-06-22 11:23:10,-1.4,0.0,0.4
2016-06-22 11:23:10,-1.0,0.0,0.1
2016-06-22 11:23:10,-0.5,0.0,0.1
2016-06-22 11:23:10,-0.2,0.0,0.3
2016-06-22 11:23:10,-0.4,0.0,0.8
2016-06-22 11:23:10,-0.9,0.0,1.0
2016-06-22 11:23:11,-1.4,0.1,1.0
2016-06-22 11:23:11,-1.6,0.1,0.7
2016-06-22 11:23:11,-1.6,0.0,0.5
2016-06-22 11:23:11,-1.3,0.0,0.3
2016-06-22 11:23:11,-0.9,-0.0,0.1
2016-06-22 11:23:11,-0.4,0.0,-0.0
2016-06-22 11:23:11,-0.2,0.0,0.3
2016-06-22 11:23:11,-0.5,0.0,0.8
2016-06-22 11:23:11,-1.0,0.0,1.1
2016-06-22 11:23:11,-1.5,0.0,0.9
2016-06-22 11:23:12,-1.7,0.0,0.7
2016-06-22 11:23:12,-1.6,0.0,0.4
2016-06-22 11:23:12,-1.2,0.0,0.0
2016-06-22 11:23:12,-0.7,0.0,-0.0
2016-06-22 11:23:12,-0.3,0.0,0.2
2016-06-22 11:23:12,-0.3,0.0,0.7
2016-06-22 11:23:12,-0.7,0.1,1.0
2016-06-22 11:23:12,-1.3,0.1,1.0
2016-06-22 11:23:12,-1.6,0.1,0.8
2016-06-22 11:23:12,-1.7,0.1,0.6
2016-06-22 11:23:13,-1.4,0.0,0.3
2016-06-22 11:23:13,-1.0,0.0,0.1
2016-06-22 11:23:13,-0.5,-0.0,0.0
2016-06-22 11:23:13,-0.2,-0.0,0.3
2016-06-22 11:23:13,-0.4,0.0,0.8
2016-06-22 11:23:13,-0.8,0.0,1.0
2016-06-22 11:23:13,-1.3,0.1,1.0
2016-06-22 11:23:13,-1.6,0.1,0.8
2016-06-22 11:23:13,-1.6,0.1,0.5
2016-06-22 11:23:13,-1.3,0.0,0.3
2016-06-22 11:23:14,-0.8,0.0,0.1
2016-06-22 11:23:14,-0.4,-0.0,-0.0
2016-06-22 11:23:14,-0.2,0.0,0.3
2016-06-22 11:23:14,-0.5,0.0,0.7
2016-06-22 11:23:14,-1.0,0.0,1.0
2016-06-22 11:23:14,-1.4,0.0,0.9
2016-06-22 11:23:14,-1.6,0.1,0.7
2016-06-22 11:23:14,-1.6,0.0,0.5
2016-06-22 11:23:14,-1.3,0.0,0.2
2016-06-22 11:23:14,-0.8,0.0,0.0
2016-06-22 11:23:15,-0.4,0.0,0.1
2016-06-22 11:23:15,-0.2,0.0,0.5
2016-06-22 11:23:15,-0.5,0.0,0.9
2016-06-22 11:23:15,-1.1,0.0,1.0
2016-06-22 11:23:15,-1.5,0.1,0.8
2016-06-22 11:23:15,-1.6,0.1,0.6
2016-06-22 11:23:15,-1.5,0.1,0.5
2016-06-22 11:23:15,-1.1,0.0,0.2
2016-06-22 11:23:15,-0.7,0.0,0.1
2016-06-22 11:23:15,-0.3,0.0,0.2
2016-06-22 11:23:16,-0.2,0.0,0.6
2016-06-22 11:23:16,-0.5,0.1,1.0
2016-06-22 11:23:16,-1.1,0.1,1.0
2016-06-22 11:23:16,-1.5,0.1,0.8
2016-06-22 11:23:16,-1.6,0.1,0.6
2016-06-22 11:23:16,-1.4,0.0,0.4
2016-06-22 11:23:16,-1.1,0.0,0.2
2016-06-22 11:23:16,-0.6,0.0,0.1
2016-06-22 11:23:16,-0.3,0.0,0.2
2016-06-22 11:23:16,-0.3,0.0,0.5
2016-06-22 11:23:17,-0.6,0.0,0.9
2016-06-22 11:23:17,-1.1,0.0,1.0
2016-06-22 11:23:17,-1.5,0.0,0.8
2016-06-22 11:23:17,-1.6,0.0,0.6
2016-06-22 11:23:17,-1.4,0.1,0.5
2016-06-22 11:23:17,-1.1,0.1,0.3
2016-06-22 11:23:17,-0.7,0.0,0.2
2016-06-22 11:23:17,-0.3,0.0,0.2
2016-06-22 11:23:17,-0.2,0.0,0.6
2016-06-22 11:23:17,-0.5,0.0,0.9
2016-06-22 11:23:18,-1.0,0.1,1.0
2016-06-22 11:23:18,-1.4,0.1,0.9
2016-06-22 11:23:18,-1.1,0.0,0.6
2016-06-22 11:23:18,-0.7,0.0,0.6
2016-06-22 11:23:18,-0.5,0.0,0.8
2016-06-22 11:23:18,-0.9,0.0,1.0
2016-06-22 11:23:19,-1.3,0.0,0.9
2016-06-22 11:23:19,-1.5,0.1,0.7
2016-06-22 11:23:19,-1.5,0.1,0.6
2016-06-22 11:23:19,-1.3,0.1,0.4
2016-06-22 11:23:19,-1.0,0.0,0.2
2016-06-22 11:23:19,-0.5,0.0,0.1
2016-06-22 11:23:19,-0.2,0.0,0.3
2016-06-22 11:23:19,-0.3,0.0,0.7
2016-06-22 11:23:19,-0.7,0.0,1.0
2016-06-22 11:23:19,-1.1,0.1,1.0
2016-06-22 11:23:20,-1.5,0.1,0.8
2016-06-22 11:23:20,-1.6,0.0,0.6
2016-06-22 11:23:20,-1.4,0.0,0.4
2016-06-22 11:23:20,-1.1,-0.0,0.2
2016-06-22 11:23:20,-0.6,0.0,0.1
2016-06-22 11:23:20,-0.3,0.0,0.2
2016-06-22 11:23:20,-0.3,0.0,0.7
2016-06-22 11:23:20,-0.7,0.1,1.0
2016-06-22 11:23:20,-1.2,0.1,1.0
2016-06-22 11:23:20,-1.6,0.1,0.8
2016-06-22 11:23:21,-1.6,0.0,0.6
2016-06-22 11:23:21,-1.4,0.0,0.3
2016-06-22 11:23:21,-1.1,0.0,0.1
2016-06-22 11:23:21,-0.6,0.0,0.0
2016-06-22 11:23:21,-0.2,0.0,0.3
2016-06-22 11:23:21,-0.3,0.0,0.7
2016-06-22 11:23:21,-0.7,0.0,1.0
2016-06-22 11:23:21,-1.2,0.0,0.9
2016-06-22 11:23:21,-1.6,0.0,0.8
2016-06-22 11:23:21,-1.6,0.0,0.6
2016-06-22 11:23:22,-1.4,0.0,0.4
2016-06-22 11:23:22,-1.1,0.0,0.2
2016-06-22 11:23:22,-0.6,0.0,0.1
2016-06-22 11:23:22,-0.3,0.0,0.2
2016-06-22 11:23:22,-0.3,0.1,0.6
2016-06-22 11:23:22,-0.6,0.0,0.9
2016-06-22 11:23:22,-1.1,0.0,1.0
2016-06-22 11:23:22,-1.5,-0.0,0.9
2016-06-22 11:23:22,-1.6,0.0,0.7
2016-06-22 11:23:22,-1.4,0.0,0.5
2016-06-22 11:23:23,-1.1,0.0,0.3
2016-06-22 11:23:23,-0.7,0.0,0.1
2016-06-22 11:23:23,-0.3,0.0,0.2
2016-06-22 11:23:23,-0.2,0.0,0.5
2016-06-22 11:23:23,-0.6,0.0,0.9
2016-06-22 11:23:23,-1.1,0.1,1.0
2016-06-22 11:23:23,-1.5,0.1,0.9
2016-06-22 11:23:23,-1.6,0.0,0.7
2016-06-22 11:23:23,-1.5,0.0,0.5
2016-06-22 11:23:23,-1.2,0.0,0.3
2016-06-22 11:23:24,-0.8,0.0,0.1
2016-06-22 11:23:24,-0.4,-0.0,0.1
2016-06-22 11:23:24,-0.3,0.0,0.4
2016-06-22 11:23:24,-0.5,0.1,0.8
2016-06-22 11:23:24,-0.9,0.1,1.0
2016-06-22 11:23:24,-1.3,0.1,0.9
2016-06-22 11:23:24,-1.5,0.0,0.7
2016-06-22 11:23:24,-1.4,0.1,0.6
2016-06-22 11:23:24,-1.2,0.1,0.5
2016-06-22 11:23:24,-1.0,0.1,0.3
2016-06-22 11:23:25,-0.6,0.0,0.2
2016-06-22 11:23:25,-0.3,0.0,0.3
2016-06-22 11:23:25,-0.3,0.0,0.6
2016-06-22 11:23:25,-0.6,0.1,0.9
2016-06-22 11:23:25,-1.1,0.1,1.0
2016-06-22 11:23:25,-1.4,0.1,0.9
2016-06-22 11:23:25,-1.5,0.1,0.7
2016-06-22 11:23:25,-1.4,0.0,0.5
2016-06-22 11:23:25,-1.1,0.0,0.3
2016-06-22 11:23:25,-0.7,-0.0,0.2
2016-06-22 11:23:26,-0.3,0.0,0.2
2016-06-22 11:23:26,-0.2,0.0,0.4
2016-06-22 11:23:26,-0.4,0.0,0.8
2016-06-22 11:23:26,-0.8,0.0,0.9
2016-06-22 11:23:26,-1.2,0.0,0.9
2016-06-22 11:23:26,-1.5,0.0,0.7
2016-06-22 11:23:26,-1.5,0.0,0.5
2016-06-22 11:23:26,-1.3,0.0,0.4
2016-06-22 11:23:26,-1.1,0.0,0.3
2016-06-22 11:23:26,-0.7,-0.0,0.1
2016-06-22 11:23:27,-0.4,-0.0,0.2
2016-06-22 11:23:27,-0.3,0.0,0.5
2016-06-22 11:23:27,-0.5,0.1,0.9
2016-06-22 11:23:27,-0.9,0.1,1.0
2016-06-22 11:23:27,-1.3,0.1,0.9
2016-06-22 11:23:27,-1.5,0.1,0.7
2016-06-22 11:23:27,-1.5,0.0,0.5
2016-06-22 11:23:27,-1.2,0.0,0.3
2016-06-22 11:23:27,-0.8,0.0,0.1
2016-06-22 11:23:27,-0.5,0.0,0.1
2016-06-22 11:23:28,-0.3,0.0,0.4
2016-06-22 11:23:28,-0.4,0.0,0.7
2016-06-22 11:23:28,-0.7,0.0,0.9
2016-06-22 11:23:28,-1.2,0.0,0.9
2016-06-22 11:23:28,-1.5,0.0,0.8
2016-06-22 11:23:28,-1.5,0.0,0.7
2016-06-22 11:23:29,-1.0,0.1,0.6
2016-06-22 11:23:29,-0.6,0.1,0.7
2016-06-22 11:23:29,-0.5,0.1,0.9
2016-06-22 11:23:29,-1.0,0.1,1.0
2016-06-22 11:23:29,-1.4,0.1,0.9
2016-06-22 11:23:29,-1.6,0.0,0.7
2016-06-22 11:23:29,-1.5,0.0,0.5
2016-06-22 11:23:29,-1.2,0.0,0.3
2016-06-22 11:23:29,-0.8,0.0,0.1
2016-06-22 11:23:29,-0.4,-0.0,0.1
2016-06-22 11:23:29,-0.2,0.0,0.4
2016-06-22 11:23:30,-0.5,0.0,0.8
2016-06-22 11:23:30,-0.9,0.1,1.0
2016-06-22 11:23:30,-1.4,0.1,0.9
2016-06-22 11:23:30,-1.6,0.1,0.7
2016-06-22 11:23:30,-1.5,0.1,0.6
2016-06-22 11:23:30,-1.3,0.1,0.4
2016-06-22 11:23:30,-0.9,0.1,0.2
2016-06-22 11:23:30,-0.5,0.0,0.1
2016-06-22 11:23:30,-0.2,0.0,0.4
2016-06-22 11:23:30,-0.4,0.0,0.8
2016-06-22 11:23:31,-0.9,0.1,1.0
2016-06-22 11:23:31,-1.4,0.1,0.9
2016-06-22 11:23:31,-1.6,0.1,0.7
2016-06-22 11:23:31,-1.6,0.1,0.5
2016-06-22 11:23:31,-1.3,0.1,0.3
2016-06-22 11:23:31,-0.9,0.0,0.1
2016-06-22 11:23:31,-0.5,0.0,0.1
2016-06-22 11:23:31,-0.2,0.0,0.4
2016-06-22 11:23:31,-0.4,0.0,0.8
2016-06-22 11:23:31,-0.8,0.0,1.0
2016-06-22 11:23:32,-1.3,0.0,0.9
2016-06-22 11:23:32,-1.6,0.0,0.7
2016-06-22 11:23:32,-1.5,0.0,0.5
2016-06-22 11:23:32,-1.3,0.1,0.4
2016-06-22 11:23:32,-0.9,0.1,0.2
2016-06-22 11:23:32,-0.5,0.0,0.1
2016-06-22 11:23:32,-0.2,0.0,0.3
2016-06-22 11:23:32,-0.3,0.0,0.8
2016-06-22 11:23:32,-0.7,0.0,1.1
2016-06-22 11:23:32,-1.2,0.1,1.1
2016-06-22 11:23:33,-1.6,0.0,0.9
2016-06-22 11:23:33,-1.6,0.1,0.6
2016-06-22 11:23:33,-1.3,0.0,0.3
2016-06-22 11:23:33,-0.8,0.1,0.0
2016-06-22 11:23:33,-0.3,0.0,0.0
2016-06-22 11:23:33,-0.2,0.1,0.4
2016-06-22 11:23:33,-0.4,0.1,0.9
2016-06-22 11:23:33,-1.0,0.0,1.1
2016-06-22 11:23:33,-1.4,0.0,1.0
2016-06-22 11:23:33,-1.6,0.0,0.7
2016-06-22 11:23:34,-1.4,0.0,0.5
2016-06-22 11:23:34,-1.1,0.0,0.3
2016-06-22 11:23:34,-0.7,0.0,0.1
2016-06-22 11:23:34,-0.3,0.0,0.1
2016-06-22 11:23:34,-0.2,0.0,0.5
2016-06-22 11:23:34,-0.5,0.0,0.8
2016-06-22 11:23:34,-1.0,0.0,1.0
2016-06-22 11:23:34,-1.4,0.0,0.9
2016-06-22 11:23:34,-1.5,0.1,0.7
2016-06-22 11:23:34,-1.5,0.1,0.5
2016-06-22 11:23:35,-1.2,0.1,0.3
2016-06-22 11:23:35,-0.8,0.0,0.1
2016-06-22 11:23:35,-0.3,-0.0,0.1
2016-06-22 11:23:35,-0.2,0.0,0.4
2016-06-22 11:23:35,-0.4,0.0,0.9
2016-06-22 11:23:35,-1.0,0.1,1.0
2016-06-22 11:23:35,-1.5,0.0,1.0
2016-06-22 11:23:35,-1.7,0.1,0.7
2016-06-22 11:23:35,-1.5,0.0,0.5
2016-06-22 11:23:35,-1.1,0.0,0.1
2016-06-22 11:23:36,-0.6,0.0,-0.0
2016-06-22 11:23:36,-0.2,0.0,0.1
2016-06-22 11:23:36,-0.3,0.1,0.7
2016-06-22 11:23:36,-0.7,0.1,1.1
2016-06-22 11:23:36,-1.2,0.1,1.1
2016-06-22 11:23:36,-1.6,0.1,0.9
2016-06-22 11:23:36,-1.6,0.0,0.6
2016-06-22 11:23:36,-1.4,0.0,0.2
2016-06-22 11:23:36,-0.8,0.0,0.0
2016-06-22 11:23:36,-0.4,0.0,0.1
2016-06-22 11:23:37,-0.2,0.0,0.5
2016-06-22 11:23:37,-0.5,0.1,0.9
2016-06-22 11:23:37,-1.0,0.1,1.1
2016-06-22 11:23:37,-1.5,0.0,0.9
2016-06-22 11:23:37,-1.6,0.0,0.7
2016-06-22 11:23:37,-1.5,0.0,0.5
2016-06-22 11:23:37,-1.2,0.0,0.2
2016-06-22 11:23:37,-0.7,0.0,0.1
2016-06-22 11:23:37,-0.3,0.0,0.3
2016-06-22 11:23:37,-0.2,0.0,0.7
2016-06-22 11:23:38,-0.5,0.0,1.0
2016-06-22 11:23:38,-1.0,0.0,1.1
2016-06-22 11:23:38,-1.5,0.1,1.0
2016-06-22 11:23:38,-1.6,0.1,0.7
2016-06-22 11:23:38,-1.5,0.1,0.4
2016-06-22 11:23:38,-1.1,0.1,0.2
2016-06-22 11:23:38,-0.6,0.1,0.0
2016-06-22 11:23:38,-0.2,0.1,0.2
2016-06-22 11:23:39,-0.2,0.1,0.6
2016-06-22 11:23:39,-0.7,0.0,0.8
2016-06-22 11:23:39,-1.0,0.0,0.6
2016-06-22 11:23:39,-1.1,0.0,0.2
2016-06-22 11:23:39,-0.6,0.0,0.1
2016-06-22 11:23:39,-0.3,0.0,0.2
2016-06-22 11:23:39,-0.2,0.0,0.6
2016-06-22 11:23:39,-0.5,0.0,1.0
2016-06-22 11:23:39,-1.0,0.1,1.0
2016-06-22 11:23:40,-1.4,0.0,0.9
2016-06-22 11:23:40,-1.5,0.1,0.7
2016-06-22 11:23:40,-1.4,0.0,0.5
2016-06-22 11:23:40,-1.1,0.0,0.3
2016-06-22 11:23:40,-0.8,0.0,0.1
2016-06-22 11:23:40,-0.4,0.0,0.0
2016-06-22 11:23:40,-0.2,0.0,0.3
2016-06-22 11:23:40,-0.4,0.0,0.7
2016-06-22 11:23:40,-0.8,0.1,1.0
2016-06-22 11:23:40,-1.3,0.0,0.9
2016-06-22 11:23:41,-1.6,0.0,0.7
2016-06-22 11:23:41,-1.6,0.0,0.5
2016-06-22 11:23:41,-1.3,0.0,0.4
2016-06-22 11:23:41,-0.9,0.0,0.2
2016-06-22 11:23:41,-0.5,0.0,0.1
2016-06-22 11:23:41,-0.3,0.0,0.3
2016-06-22 11:23:41,-0.3,0.0,0.7
2016-06-22 11:23:41,-0.8,0.0,1.0
2016-06-22 11:23:41,-1.3,0.0,1.0
2016-06-22 11:23:41,-1.6,0.0,0.9
2016-06-22 11:23:42,-1.6,0.0,0.6
2016-06-22 11:23:42,-1.4,0.0,0.4
2016-06-22 11:23:42,-1.0,0.0,0.1
2016-06-22 11:23:42,-0.5,0.0,0.0
2016-06-22 11:23:42,-0.2,0.0,0.3
2016-06-22 11:23:42,-0.4,0.0,0.7
2016-06-22 11:23:42,-0.7,0.0,1.0
2016-06-22 11:23:42,-1.2,0.1,1.0
2016-06-22 11:23:42,-1.5,0.1,0.8
2016-06-22 11:23:42,-1.5,0.1,0.6
2016-06-22 11:23:43,-1.3,0.0,0.5
2016-06-22 11:23:43,-1.0,0.0,0.2
2016-06-22 11:23:43,-0.6,0.0,0.1
2016-06-22 11:23:43,-0.3,0.0,0.3
2016-06-22 11:23:43,-0.3,0.0,0.7
2016-06-22 11:23:43,-0.6,0.0,1.0
2016-06-22 11:23:43,-1.1,0.0,1.0
2016-06-22 11:23:43,-1.4,0.0,0.9
2016-06-22 11:23:43,-1.5,0.1,0.7
2016-06-22 11:23:43,-1.4,0.1,0.6
2016-06-22 11:23:44,-1.1,0.1,0.3
2016-06-22 11:23:44,-0.7,0.0,0.1
2016-06-22 11:23:44,-0.3,0.0,0.1
2016-06-22 11:23:44,-0.2,0.0,0.5
2016-06-22 11:23:44,-0.5,0.0,0.9
2016-06-22 11:23:44,-1.0,0.0,1.0
2016-06-22 11:23:44,-1.4,0.0,0.9
2016-06-22 11:23:44,-1.6,0.0,0.7
2016-06-22 11:23:44,-1.4,0.0,0.5
2016-06-22 11:23:44,-1.2,0.0,0.4
2016-06-22 11:23:45,-0.8,0.0,0.1
2016-06-22 11:23:45,-0.4,0.0,0.1
2016-06-22 11:23:45,-0.2,-0.0,0.4
2016-06-22 11:23:45,-0.4,-0.0,0.8
2016-06-22 11:23:45,-0.8,-0.0,1.0
2016-06-22 11:23:45,-1.3,0.0,1.0
2016-06-22 11:23:45,-1.5,0.0,0.8
2016-06-22 11:23:45,-1.6,0.1,0.6
2016-06-22 11:23:45,-1.3,0.1,0.3
2016-06-22 11:23:45,-0.9,0.0,0.1
2016-06-22 11:23:46,-0.5,0.0,0.0
2016-06-22 11:23:46,-0.2,0.0,0.3
2016-06-22 11:23:46,-0.4,0.0,0.8
2016-06-22 11:23:46,-0.8,0.1,1.0
2016-06-22 11:23:46,-1.2,0.1,1.0
2016-06-22 11:23:46,-1.5,0.1,0.8
2016-06-22 11:23:46,-1.5,0.0,0.6
2016-06-22 11:23:46,-1.4,0.0,0.5
2016-06-22 11:23:46,-1.0,0.0,0.2
2016-06-22 11:23:46,-0.6,0.0,0.1
2016-06-22 11:23:47,-0.3,0.0,0.3
2016-06-22 11:23:47,-0.3,0.0,0.6
2016-06-22 11:23:47,-0.6,0.0,0.9
2016-06-22 11:23:47,-1.0,0.1,1.0
2016-06-22 11:23:47,-1.4,0.1,0.8
2016-06-22 11:23:47,-1.5,0.0,0.6
2016-06-22 11:23:47,-1.4,-0.0,0.5
2016-06-22 11:23:47,-1.2,-0.0,0.3
2016-06-22 11:23:47,-0.9,0.0,0.2
2016-06-22 11:23:47,-0.5,-0.0,0.1
2016-06-22 11:23:48,-0.3,0.0,0.4
2016-06-22 11:23:48,-0.4,0.0,0.7
2016-06-22 11:23:48,-0.7,0.0,1.0
2016-06-22 11:23:48,-1.1,0.1,1.0
2016-06-22 11:23:48,-1.4,0.0,0.9
2016-06-22 11:23:48,-1.5,0.0,0.7
2016-06-22 11:23:48,-1.3,0.0,0.5
2016-06-22 11:23:48,-1.0,0.0,0.3
2016-06-22 11:23:48,-0.6,0.0,0.2
2016-06-22 11:23:48,-0.3,0.0,0.4
2016-06-22 11:23:49,-0.2,0.0,0.7
2016-06-22 11:23:49,-0.5,0.0,1.0
2016-06-22 11:23:49,-0.9,0.0,0.8
2016-06-22 11:23:49,-1.0,0.0,0.5
2016-06-22 11:23:49,-0.8,-0.0,0.1
2016-06-22 11:23:49,-0.4,-0.0,0.1
2016-06-22 11:23:49,-0.2,-0.0,0.4
2016-06-22 11:23:50,-0.4,0.0,0.8
2016-06-22 11:23:50,-0.9,0.0,1.0
2016-06-22 11:23:50,-1.3,0.1,1.0
2016-06-22 11:23:50,-1.5,0.1,0.8
2016-06-22 11:23:50,-1.5,0.1,0.6
2016-06-22 11:23:50,-1.3,0.0,0.4
2016-06-22 11:23:50,-0.9,0.0,0.2
2016-06-22 11:23:50,-0.5,0.0,0.1
2016-06-22 11:23:50,-0.3,0.0,0.3
2016-06-22 11:23:50,-0.4,0.1,0.7
2016-06-22 11:23:51,-0.7,0.1,0.9
2016-06-22 11:23:51,-1.1,0.1,1.0
2016-06-22 11:23:51,-1.4,0.0,0.9
2016-06-22 11:23:51,-1.5,0.1,0.7
2016-06-22 11:23:51,-1.4,0.1,0.5
2016-06-22 11:23:51,-1.1,0.0,0.3
2016-06-22 11:23:51,-0.7,0.0,0.2
2016-06-22 11:23:51,-0.4,0.0,0.2
2016-06-22 11:23:51,-0.3,0.0,0.4
2016-06-22 11:23:51,-0.5,0.0,0.7
2016-06-22 11:23:52,-0.8,0.0,1.0
2016-06-22 11:23:52,-1.2,0.0,1.0
2016-06-22 11:23:52,-1.4,0.0,0.8
2016-06-22 11:23:52,-1.5,0.0,0.6
2016-06-22 11:23:52,-1.3,0.0,0.5
2016-06-22 11:23:52,-1.0,0.0,0.2
2016-06-22 11:23:52,-0.6,0.0,0.2
2016-06-22 11:24:00,-0.2,0.0,0.1
2016-06-22 11:24:01,-0.4,0.0,0.2
2016-06-22 11:24:01,-0.6,0.0,0.1
2016-06-22 11:24:01,-0.6,0.0,0.2
2016-06-22 11:24:01,-0.3,-0.0,0.2
2016-06-22 11:24:01,-0.2,-0.0,0.5
2016-06-22 11:24:01,-0.5,0.0,0.7
2016-06-22 11:24:01,-0.9,0.0,0.9
2016-06-22 11:24:01,-1.4,0.0,0.8
2016-06-22 11:24:01,-1.6,0.0,0.7
2016-06-22 11:24:01,-1.5,0.0,0.5
2016-06-22 11:24:02,-1.3,0.0,0.3
2016-06-22 11:24:02,-0.9,0.0,0.1
2016-06-22 11:24:02,-0.5,0.0,0.1
2016-06-22 11:24:02,-0.2,0.0,0.3
2016-06-22 11:24:02,-0.3,0.0,0.7
2016-06-22 11:24:02,-0.7,0.0,1.0
2016-06-22 11:24:02,-1.2,0.1,0.9
2016-06-22 11:24:02,-1.6,0.1,0.8
2016-06-22 11:24:02,-1.6,0.1,0.5
2016-06-22 11:24:02,-1.4,0.1,0.3
2016-06-22 11:24:03,-1.0,0.0,0.1
2016-06-22 11:24:03,-0.5,0.0,0.0
2016-06-22 11:24:03,-0.2,0.0,0.3
2016-06-22 11:24:03,-0.3,0.1,0.7
2016-06-22 11:24:03,-0.7,0.1,1.0
2016-06-22 11:24:03,-1.3,0.1,1.0
2016-06-22 11:24:03,-1.6,0.1,0.9
2016-06-22 11:24:03,-1.6,0.1,0.6
2016-06-22 11:24:03,-1.3,0.0,0.4
2016-06-22 11:24:03,-0.9,0.0,0.1
2016-06-22 11:24:04,-0.5,-0.0,0.1
2016-06-22 11:24:04,-0.3,-0.0,0.3
2016-06-22 11:24:04,-0.4,0.0,0.7
2016-06-22 11:24:04,-0.8,0.0,1.0
2016-06-22 11:24:04,-1.3,0.1,0.9
2016-06-22 11:24:04,-1.6,0.1,0.7
2016-06-22 11:24:04,-1.6,0.0,0.5
2016-06-22 11:24:04,-1.4,0.0,0.4
2016-06-22 11:24:04,-1.0,0.0,0.2
2016-06-22 11:24:04,-0.6,0.0,0.1
2016-06-22 11:24:05,-0.3,0.0,0.3
2016-06-22 11:24:05,-0.3,0.0,0.6
2016-06-22 11:24:05,-0.6,0.0,0.9
2016-06-22 11:24:05,-1.1,0.1,1.0
2016-06-22 11:24:05,-1.4,0.0,0.9
2016-06-22 11:24:05,-1.6,0.0,0.6
2016-06-22 11:24:05,-1.5,0.0,0.5
2016-06-22 11:24:05,-1.2,0.0,0.3
2016-06-22 11:24:05,-0.8,0.0,0.1
2016-06-22 11:24:05,-0.3,0.0,0.1
2016-06-22 11:24:06,-0.2,0.0,0.4
2016-06-22 11:24:06,-0.5,0.0,0.8
2016-06-22 11:24:06,-1.0,0.0,1.0
2016-06-22 11:24:06,-1.5,0.0,0.8
2016-06-22 11:24:06,-1.6,0.1,0.6
2016-06-22 11:24:06,-1.5,0.0,0.4
2016-06-22 11:24:06,-1.3,0.0,0.3
2016-06-22 11:24:06,-0.8,0.0,0.1
2016-06-22 11:24:06,-0.4,0.0,0.1
2016-06-22 11:24:06,-0.2,0.0,0.4
2016-06-22 11:24:07,-0.4,0.0,0.8
2016-06-22 11:24:07,-0.9,0.1,1.0
2016-06-22 11:24:07,-1.3,0.1,0.9
2016-06-22 11:24:07,-1.6,0.0,0.6
2016-06-22 11:24:07,-1.6,0.0,0.5
2016-06-22 11:24:07,-1.3,0.0,0.3
2016-06-22 11:24:07,-0.9,0.0,0.1
2016-06-22 11:24:07,-0.5,-0.0,0.0
2016-06-22 11:24:07,-0.3,0.0,0.3
2016-06-22 11:24:07,-0.4,0.0,0.8
2016-06-22 11:24:08,-0.9,0.1,1.0
2016-06-22 11:24:08,-1.3,0.1,1.0
2016-06-22 11:24:08,-1.6,0.1,0.7
2016-06-22 11:24:08,-1.6,0.0,0.5
2016-06-22 11:24:08,-1.3,0.0,0.3
2016-06-22 11:24:08,-0.9,0.0,0.1
2016-06-22 11:24:08,-0.4,0.0,0.1
2016-06-22 11:24:08,-0.2,0.0,0.4
2016-06-22 11:24:08,-0.4,0.0,0.8
2016-06-22 11:24:08,-0.9,0.1,1.0
2016-06-22 11:24:09,-1.4,0.1,0.9
2016-06-22 11:24:09,-1.6,0.0,0.7
2016-06-22 11:24:09,-1.6,0.0,0.5
2016-06-22 11:24:09,-1.3,0.0,0.3
2016-06-22 11:24:09,-0.9,0.0,0.1
2016-06-22 11:24:09,-0.5,0.0,0.1
2016-06-22 11:24:09,-0.3,0.0,0.4
2016-06-22 11:24:09,-0.3,-0.0,0.8
2016-06-22 11:24:09,-0.7,-0.0,1.0
2016-06-22 11:24:09,-1.1,-0.0,0.9
2016-06-22 11:24:10,-1.5,0.0,0.8
2016-06-22 11:24:10,-1.5,0.0,0.6
2016-06-22 11:24:10,-1.4,0.0,0.4
2016-06-22 11:24:10,-1.1,-0.0,0.2
2016-06-22 11:24:10,-0.7,0.0,0.2
2016-06-22 11:24:10,-0.3,0.0,0.3
2016-06-22 11:24:10,-0.2,0.0,0.6
2016-06-22 11:24:10,-0.5,0.0,0.9
2016-06-22 11:24:10,-0.9,0.0,1.0
2016-06-22 11:24:10,-1.4,0.1,0.9
2016-06-22 11:24:11,-1.6,0.0,0.7
2016-06-22 11:24:11,-1.1,0.0,0.5
2016-06-22 11:24:11,-0.6,0.0,0.6
2016-06-22 11:24:11,-0.4,0.0,0.9
2016-06-22 11:24:11,-1.0,0.1,1.0
2016-06-22 11:24:11,-1.4,0.0,0.9
2016-06-22 11:24:11,-1.6,0.0,0.7
2016-06-22 11:24:12,-1.5,0.0,0.5
2016-06-22 11:24:12,-1.2,0.0,0.3
2016-06-22 11:24:12,-0.7,0.0,0.1
2016-06-22 11:24:12,-0.3,-0.0,0.1
2016-06-22 11:24:12,-0.2,-0.0,0.5
2016-06-22 11:24:12,-0.5,0.0,0.9
2016-06-22 11:24:12,-1.0,0.1,1.0
2016-06-22 11:24:12,-1.4,0.1,0.9
2016-06-22 11:24:12,-1.6,0.0,0.6
2016-06-22 11:24:12,-1.5,0.0,0.4
2016-06-22 11:24:13,-1.2,0.0,0.2
2016-06-22 11:24:13,-0.7,0.0,0.1
2016-06-22 11:24:13,-0.3,-0.0,0.2
2016-06-22 11:24:13,-0.1,0.0,0.6
2016-06-22 11:24:13,-0.4,0.0,1.0
2016-06-22 11:24:13,-0.9,0.0,1.1
2016-06-22 11:24:13,-1.4,0.0,1.0
2016-06-22 11:24:13,-1.6,0.1,0.7
2016-06-22 11:24:13,-1.5,0.0,0.4
2016-06-22 11:24:13,-1.1,0.0,0.1
2016-06-22 11:24:14,-0.6,0.0,0.1
2016-06-22 11:24:14,-0.2,-0.0,0.2
2016-06-22 11:24:14,-0.2,-0.0,0.7
2016-06-22 11:24:14,-0.6,0.0,1.0
2016-06-22 11:24:14,-1.2,0.1,1.0
2016-06-22 11:24:14,-1.6,0.0,0.8
2016-06-22 11:24:14,-1.7,0.0,0.5
2016-06-22 11:24:14,-1.4,0.0,0.3
2016-06-22 11:24:14,-1.1,0.0,0.1
2016-06-22 11:24:14,-0.6,0.0,0.1
2016-06-22 11:24:15,-0.2,0.0,0.3
2016-06-22 11:24:15,-0.2,0.0,0.6
2016-06-22 11:24:15,-0.6,0.0,0.9
2016-06-22 11:24:15,-1.1,0.1,1.0
2016-06-22 11:24:15,-1.4,0.1,0.8
2016-06-22 11:24:15,-1.6,0.0,0.6
2016-06-22 11:24:15,-1.5,0.0,0.4
2016-06-22 11:24:15,-1.2,0.0,0.3
2016-06-22 11:24:15,-0.8,0.0,0.2
2016-06-22 11:24:15,-0.4,-0.0,0.2
2016-06-22 11:24:16,-0.2,0.0,0.4
2016-06-22 11:24:16,-0.4,0.0,0.7
2016-06-22 11:24:16,-0.8,0.0,1.0
2016-06-22 11:24:16,-1.2,0.0,0.9
2016-06-22 11:24:16,-1.6,0.0,0.7
2016-06-22 11:24:16,-1.5,0.0,0.5
2016-06-22 11:24:16,-1.3,0.0,0.3
2016-06-22 11:24:16,-0.9,0.0,0.1
2016-06-22 11:24:16,-0.5,0.0,0.1
2016-06-22 11:24:16,-0.2,0.0,0.3
2016-06-22 11:24:17,-0.3,0.0,0.7
2016-06-22 11:24:17,-0.7,0.0,1.0
2016-06-22 11:24:17,-1.3,0.0,0.9
2016-06-22 11:24:17,-1.6,0.0,0.8
2016-06-22 11:24:17,-1.6,0.0,0.5
2016-06-22 11:24:17,-1.4,0.0,0.4
2016-06-22 11:24:17,-1.0,0.0,0.1
2016-06-22 11:24:17,-0.5,0.0,0.1
2016-06-22 11:24:17,-0.2,0.0,0.3
2016-06-22 11:24:17,-0.3,0.0,0.7
2016-06-22 11:24:18,-0.7,0.0,0.9
2016-06-22 11:24:18,-1.3,0.1,0.9
2016-06-22 11:24:18,-1.6,0.1,0.7
2016-06-22 11:24:18,-1.6,0.1,0.6
2016-06-22 11:24:18,-1.3,0.0,0.5
2016-06-22 11:24:18,-1.0,0.0,0.2
2016-06-22 11:24:18,-0.6,0.0,0.0
2016-06-22 11:24:18,-0.3,0.0,0.2
2016-06-22 11:24:18,-0.3,0.1,0.6
2016-06-22 11:24:18,-0.7,0.0,0.8
2016-06-22 11:24:19,-1.2,0.0,0.9
2016-06-22 11:24:19,-1.6,0.0,0.7
2016-06-22 11:24:19,-1.7,0.0,0.5
2016-06-22 11:24:19,-1.5,0.0,0.3
2016-06-22 11:24:19,-1.0,0.0,0.0
2016-06-22 11:24:19,-0.5,0.0,0.0
2016-06-22 11:24:19,-0.2,-0.0,0.3
2016-06-22 11:24:19,-0.3,0.0,0.8
2016-06-22 11:24:19,-0.8,0.0,1.0
2016-06-22 11:24:19,-1.4,0.0,0.9
2016-06-22 11:24:20,-1.6,0.1,0.7
2016-06-22 11:24:20,-1.6,0.0,0.4
2016-06-22 11:24:20,-1.4,0.0,0.2
2016-06-22 11:24:20,-0.9,0.0,0.0
2016-06-22 11:24:20,-0.4,0.0,0.0
2016-06-22 11:24:20,-0.2,0.0,0.4
2016-06-22 11:24:20,-0.4,0.0,0.8
2016-06-22 11:24:20,-0.9,0.0,1.1
2016-06-22 11:24:20,-1.4,0.0,0.9
2016-06-22 11:24:20,-1.6,0.0,0.6
2016-06-22 11:24:21,-1.6,0.0,0.4
2016-06-22 11:24:21,-1.3,0.0,0.2
2016-06-22 11:24:21,-0.8,0.0,0.1
2016-06-22 11:24:21,-0.4,0.0,0.1
2016-06-22 11:24:21,-0.7,0.0,0.3
2016-06-22 11:24:21,-1.1,0.0,0.5
2016-06-22 11:24:21,-1.5,0.0,0.4
2016-06-22 11:24:22,-1.2,-0.0,0.2
2016-06-22 11:24:22,-0.8,-0.0,0.1
2016-06-22 11:24:22,-0.4,-0.0,0.0
2016-06-22 11:24:22,-0.2,0.0,0.4
2016-06-22 11:24:22,-0.5,0.1,0.8
2016-06-22 11:24:22,-1.0,0.1,1.1
2016-06-22 11:24:22,-1.5,0.1,1.0
2016-06-22 11:24:22,-1.6,0.0,0.7
2016-06-22 11:24:22,-1.5,0.0,0.5
2016-06-22 11:24:22,-1.2,0.1,0.2
2016-06-22 11:24:23,-0.7,0.0,0.1
2016-06-22 11:24:23,-0.2,0.0,0.2
2016-06-22 11:24:23,-0.1,0.0,0.6
2016-06-22 11:24:23,-0.6,0.0,1.0
2016-06-22 11:24:23,-1.2,0.0,1.1
2016-06-22 11:24:23,-1.6,0.0,0.8
2016-06-22 11:24:23,-1.7,0.1,0.6
2016-06-22 11:24:23,-1.4,0.0,0.3
2016-06-22 11:24:23,-1.0,0.0,0.1
2016-06-22 11:24:23,-0.5,0.0,0.1
2016-06-22 11:24:24,-0.2,0.0,0.3
2016-06-22 11:24:24,-0.3,0.0,0.7
2016-06-22 11:24:24,-0.7,0.0,1.0
2016-06-22 11:24:24,-1.2,0.1,0.9
2016-06-22 11:24:24,-1.5,0.0,0.7
2016-06-22 11:24:24,-1.6,0.0,0.5
2016-06-22 11:24:24,-1.4,0.0,0.3
2016-06-22 11:24:24,-1.1,0.0,0.2
2016-06-22 11:24:24,-0.7,0.0,0.1
2016-06-22 11:24:24,-0.4,0.0,0.2
2016-06-22 11:24:25,-0.3,0.0,0.5
2016-06-22 11:24:25,-0.5,0.0,0.9
2016-06-22 11:24:25,-0.9,0.1,1.1
2016-06-22 11:24:25,-1.4,0.1,1.0
2016-06-22 11:24:25,-1.6,0.0,0.7
2016-06-22 11:24:25,-1.5,0.0,0.4
2016-06-22 11:24:25,-1.2,0.0,0.2
2016-06-22 11:24:25,-0.7,0.0,0.1
2016-06-22 11:24:25,-0.3,0.0,0.3
2016-06-22 11:24:25,-0.2,0.0,0.6
2016-06-22 11:24:26,-0.4,0.0,0.9
2016-06-22 11:24:26,-0.9,0.1,1.0
2016-06-22 11:24:26,-1.4,0.1,0.9
2016-06-22 11:24:26,-1.6,0.0,0.7
2016-06-22 11:24:26,-1.5,0.0,0.4
2016-06-22 11:24:26,-1.3,0.0,0.3
2016-06-22 11:24:26,-0.9,0.0,0.1
2016-06-22 11:24:26,-0.5,0.0,0.1
2016-06-22 11:24:26,-0.2,0.0,0.3
2016-06-22 11:24:26,-0.4,0.0,0.7
2016-06-22 11:24:27,-0.8,0.0,1.0
2016-06-22 11:24:27,-1.4,0.0,0.9
2016-06-22 11:24:27,-1.6,0.0,0.7
2016-06-22 11:24:27,-1.6,0.0,0.5
2016-06-22 11:24:27,-1.3,0.0,0.3
2016-06-22 11:24:27,-0.9,0.0,0.1
2016-06-22 11:24:27,-0.4,0.0,-0.0
2016-06-22 11:24:27,-0.2,0.0,0.3
2016-06-22 11:24:27,-0.5,0.0,0.7
2016-06-22 11:24:27,-1.0,0.0,0.9
2016-06-22 11:24:28,-1.5,0.0,0.7
2016-06-22 11:24:28,-1.7,0.1,0.7
2016-06-22 11:24:28,-1.6,0.1,0.5
2016-06-22 11:24:28,-1.3,0.1,0.3
2016-06-22 11:24:28,-0.8,0.0,0.0
2016-06-22 11:24:28,-0.4,0.0,0.1
2016-06-22 11:24:28,-0.2,-0.0,0.5
2016-06-22 11:24:28,-0.5,0.0,0.9
2016-06-22 11:24:28,-1.1,0.0,1.0
2016-06-22 11:24:28,-1.6,0.1,0.8
2016-06-22 11:24:29,-1.8,0.1,0.5
2016-06-22 11:24:29,-1.6,0.0,0.3
2016-06-22 11:24:29,-1.2,0.0,0.1
2016-06-22 11:24:29,-0.6,0.0,0.0
2016-06-22 11:24:29,-0.2,-0.0,0.2
2016-06-22 11:24:29,-0.2,0.0,0.7
2016-06-22 11:24:29,-0.7,0.0,1.0
2016-06-22 11:24:29,-1.3,0.0,0.9
2016-06-22 11:24:29,-1.6,0.0,0.6
2016-06-22 11:24:29,-1.7,0.0,0.4
2016-06-22 11:24:30,-1.5,0.0,0.2
2016-06-22 11:24:30,-1.1,0.0,0.1
2016-06-22 11:24:30,-0.6,0.0,0.0
2016-06-22 11:24:30,-0.2,0.0,0.2
2016-06-22 11:24:30,-0.2,0.0,0.7
2016-06-22 11:24:30,-0.7,0.0,1.0
2016-06-22 11:24:30,-1.2,0.1,1.0
2016-06-22 11:24:30,-1.6,0.1,0.7
2016-06-22 11:24:30,-1.6,0.1,0.5
2016-06-22 11:24:30,-1.4,0.0,0.3
2016-06-22 11:24:31,-1.0,0.0,0.1
2016-06-22 11:24:31,-0.5,0.0,0.0
2016-06-22 11:24:31,-0.2,0.0,0.3
2016-06-22 11:24:31,-0.2,0.0,0.7
2016-06-22 11:24:31,-0.7,0.0,1.0
2016-06-22 11:24:31,-1.3,0.1,1.0
2016-06-22 11:24:31,-1.6,0.0,0.7
2016-06-22 11:24:32,-1.1,0.1,0.5
2016-06-22 11:24:32,-0.6,0.1,0.5
2016-06-22 11:24:32,-0.4,0.1,0.8
2016-06-22 11:24:32,-0.9,0.1,1.1
2016-06-22 11:24:32,-1.4,0.1,0.9
2016-06-22 11:24:32,-1.7,0.1,0.6
2016-06-22 11:24:32,-1.6,0.0,0.4
2016-06-22 11:24:32,-1.2,0.0,0.1
2016-06-22 11:24:32,-0.7,-0.0,-0.0
2016-06-22 11:24:32,-0.2,0.0,0.1
2016-06-22 11:24:33,-0.2,0.0,0.5
2016-06-22 11:24:33,-0.6,0.0,0.9
2016-06-22 11:24:33,-1.2,0.0,1.0
2016-06-22 11:24:33,-1.6,0.0,0.7
2016-06-22 11:24:33,-1.7,0.0,0.5
2016-06-22 11:24:33,-1.5,-0.0,0.2
2016-06-22 11:24:33,-1.1,0.0,0.1
2016-06-22 11:24:33,-0.6,0.0,0.1
2016-06-22 11:24:33,-0.2,-0.0,0.4
2016-06-22 11:24:33,-0.2,-0.0,0.8
2016-06-22 11:24:34,-0.6,-0.0,1.0
2016-06-22 11:24:34,-1.2,0.0,1.0
2016-06-22 11:24:34,-1.6,0.0,0.8
2016-06-22 11:24:34,-1.7,0.1,0.5
2016-06-22 11:24:34,-1.5,0.0,0.3
2016-06-22 11:24:34,-1.1,0.1,0.1
2016-06-22 11:24:34,-0.6,0.0,-0.1
2016-06-22 11:24:34,-0.2,0.0,0.1
2016-06-22 11:24:34,-0.3,0.0,0.6
2016-06-22 11:24:34,-0.7,0.1,1.0
2016-06-22 11:24:35,-1.2,0.1,0.9
2016-06-22 11:24:35,-1.6,0.1,0.7
2016-06-22 11:24:35,-1.7,0.0,0.4
2016-06-22 11:24:35,-1.4,-0.0,0.2
2016-06-22 11:24:35,-1.0,-0.0,-0.0
2016-06-22 11:24:35,-0.4,-0.0,-0.1
2016-06-22 11:24:35,-0.2,0.0,0.3
2016-06-22 11:24:35,-0.3,0.0,0.8
2016-06-22 11:24:35,-0.9,0.1,1.0
2016-06-22 11:24:35,-1.4,0.1,1.0
2016-06-22 11:24:36,-1.7,0.1,0.8
2016-06-22 11:24:36,-1.6,0.1,0.5
2016-06-22 11:24:36,-1.3,0.1,0.3
2016-06-22 11:24:36,-0.8,0.0,0.0
2016-06-22 11:24:36,-0.4,0.1,0.0
2016-06-22 11:24:36,-0.2,0.1,0.4
2016-06-22 11:24:36,-0.4,0.1,0.8
2016-06-22 11:24:36,-0.9,0.1,1.0
2016-06-22 11:24:36,-1.4,0.0,0.9
2016-06-22 11:24:36,-1.6,0.0,0.6
2016-06-22 11:24:37,-1.5,0.0,0.4
2016-06-22 11:24:37,-1.2,0.0,0.2
2016-06-22 11:24:37,-0.8,-0.0,0.1
2016-06-22 11:24:37,-0.4,-0.0,0.1
2016-06-22 11:24:37,-0.2,0.0,0.4
2016-06-22 11:24:37,-0.5,0.0,0.8
2016-06-22 11:24:37,-0.9,0.0,1.0
2016-06-22 11:24:37,-1.4,0.1,1.0
2016-06-22 11:24:37,-1.6,0.0,0.7
2016-06-22 11:24:37,-1.6,0.1,0.5
2016-06-22 11:24:38,-1.2,0.0,0.2
2016-06-22 11:24:38,-0.8,0.0,0.1
2016-06-22 11:24:38,-0.4,0.0,0.0
2016-06-22 11:24:38,-0.2,0.0,0.4
2016-06-22 11:24:38,-0.4,0.0,0.8
2016-06-22 11:24:38,-1.0,0.1,1.0
2016-06-22 11:24:38,-1.4,0.1,0.9
2016-06-22 11:24:38,-1.6,0.1,0.6
2016-06-22 11:24:38,-1.5,0.0,0.4
2016-06-22 11:24:38,-1.2,0.0,0.2
2016-06-22 11:24:39,-0.8,0.0,0.1
2016-06-22 11:24:39,-0.5,0.0,0.1
2016-06-22 11:24:39,-0.3,0.0,0.3
2016-06-22 11:24:39,-0.5,0.0,0.5
2016-06-22 11:24:39,-0.8,0.0,0.8
2016-06-22 11:24:39,-1.2,0.0,0.8
2016-06-22 11:24:39,-1.5,0.1,0.6
2016-06-22 11:24:39,-1.5,0.1,0.6
2016-06-22 11:24:39,-1.4,0.1,0.5
2016-06-22 11:24:39,-1.2,0.1,0.3
2016-06-22 11:24:40,-0.8,0.0,0.0
2016-06-22 11:24:40,-0.4,0.0,0.1
2016-06-22 11:24:40,-0.3,0.0,0.4
2016-06-22 11:24:40,-0.5,0.0,0.8
2016-06-22 11:24:40,-1.0,0.0,1.0
2016-06-22 11:24:40,-1.5,0.1,0.9
2016-06-22 11:24:40,-1.8,0.1,0.7
2016-06-22 11:24:40,-1.7,0.1,0.5
2016-06-22 11:24:40,-1.2,0.0,0.2
2016-06-22 11:24:40,-0.7,0.0,-0.0
2016-06-22 11:24:41,-0.3,0.0,0.0
2016-06-22 11:24:41,-0.3,0.0,0.5
2016-06-22 11:24:41,-0.6,0.0,0.9
2016-06-22 11:24:41,-1.1,0.1,1.0
2016-06-22 11:24:41,-1.6,0.1,0.8
2016-06-22 11:24:41,-1.7,0.1,0.6
2016-06-22 11:24:41,-1.5,0.0,0.3
2016-06-22 11:24:41,-1.1,0.0,0.1
2016-06-22 11:24:41,-0.6,0.0,0.1
2016-06-22 11:24:42,-0.2,0.0,0.3
2016-06-22 11:24:42,-0.6,0.0,0.5
2016-06-22 11:24:42,-1.1,0.0,0.5
2016-06-22 11:24:42,-1.5,0.0,0.4
2016-06-22 11:24:42,-1.2,0.0,0.2
2016-06-22 11:24:42,-0.7,0.0,0.1
2016-06-22 11:24:42,-0.3,0.0,0.2
2016-06-22 11:24:42,-0.2,0.0,0.6
2016-06-22 11:24:43,-0.6,0.0,1.0
2016-06-22 11:24:43,-1.2,0.0,1.0
2016-06-22 11:24:43,-1.6,0.0,0.8
2016-06-22 11:24:43,-1.7,0.0,0.5
2016-06-22 11:24:43,-1.4,0.0,0.3
2016-06-22 11:24:43,-1.0,0.0,0.1
2016-06-22 11:24:43,-0.5,0.0,0.0
2016-06-22 11:24:43,-0.2,0.0,0.2
2016-06-22 11:24:43,-0.3,0.1,0.7
2016-06-22 11:24:43,-0.8,0.0,1.0
2016-06-22 11:24:44,-1.4,0.0,0.9
2016-06-22 11:24:44,-1.6,0.0,0.7
2016-06-22 11:24:44,-1.6,0.0,0.6
2016-06-22 11:24:44,-1.4,0.0,0.4
2016-06-22 11:24:44,-1.0,0.0,0.1
2016-06-22 11:24:44,-0.5,0.0,0.1
2016-06-22 11:24:44,-0.3,0.0,0.3
2016-06-22 11:24:44,-0.4,0.0,0.7
2016-06-22 11:24:44,-0.8,0.0,1.0
2016-06-22 11:24:44,-1.3,0.0,1.0
2016-06-22 11:24:45,-1.4,0.0,0.2
2016-06-22 11:24:45,-1.3,0.1,0.0
2016-06-22 11:24:45,-1.0,0.0,-0.0
2016-06-22 11:24:45,-1.0,0.0,0.7
2016-06-22 11:24:45,-0.9,0.0,0.3
2016-06-22 11:24:45,-1.0,0.0,0.2
2016-06-22 11:24:45,-1.0,0.0,0.0
2016-06-22 11:24:45,-1.0,0.0,0.2
2016-06-22 11:24:45,-1.0,0.0,-0.0
2016-06-22 11:24:45,-1.0,0.0,-0.1
2016-06-22 11:24:46,-1.0,0.0,-0.2
2016-06-22 11:24:46,-1.0,0.0,-0.2
2016-06-22 11:24:46,-0.9,0.0,-0.3
2016-06-22 11:24:46,-0.9,0.0,-0.4
2016-06-22 11:24:46,-0.9,0.0,-0.4
2016-06-22 11:24:46,-0.9,0.1,-0.3
2016-06-22 11:24:46,-0.9,0.1,-0.4
2016-06-22 11:24:46,-0.9,0.1,-0.3
2016-06-22 11:24:46,-0.9,0.1,-0.4
2016-06-22 11:24:46,-0.9,0.1,-0.3
2016-06-22 11:24:47,-0.9,0.1,-0.4
2016-06-22 11:24:47,-0.9,0.1,-0.4
2016-06-22 11:24:47,-0.9,0.0,-0.4
2016-06-22 11:24:47,-0.9,0.1,-0.3
2016-06-22 11:24:47,-0.9,0.1,-0.3
2016-06-22 11:24:47,-0.9,0.1,-0.3
2016-06-22 11:24:47,-0.9,0.1,-0.4
2016-06-22 11:24:47,-1.0,0.1,-0.4
2016-06-22 11:24:47,-0.9,0.0,-0.5
2016-06-22 11:24:47,-0.9,0.0,-0.5
2016-06-22 11:24:48,-0.9,0.0,-0.5
2016-06-22 11:24:48,-0.9,0.0,-0.4
2016-06-22 11:24:48,-1.0,0.0,-0.3
2016-06-22 11:24:48,-1.0,0.0,-0.2
2016-06-22 11:24:48,-0.9,0.0,-0.2
2016-06-22 11:24:48,-0.9,0.0,-0.2
2016-06-22 11:24:48,-1.0,0.0,-0.1
2016-06-22 11:24:48,-1.0,0.1,-0.2
2016-06-22 11:24:48,-1.0,0.1,-0.2
2016-06-22 11:24:48,-1.0,0.1,-0.2
2016-06-22 11:24:49,-1.0,0.1,-0.2
2016-06-22 11:24:49,-0.9,0.1,-0.4
2016-06-22 11:24:49,-0.9,0.1,-0.4
2016-06-22 11:24:49,-0.9,0.1,-0.4
2016-06-22 11:24:49,-0.9,0.1,-0.4
2016-06-22 11:24:49,-0.9,0.0,-0.4
2016-06-22 11:24:49,-0.9,0.0,-0.4
2016-06-22 11:24:49,-0.9,0.0,-0.4
2016-06-22 11:24:49,-0.9,0.1,-0.4
